category,feature,status,evidence,files,tables,works,gap,risk,solution,priority
"1 Exam management","Exam creation","PARTIAL","E02: Create/update/publish source; runtime-probes.json / E03: Teacher workflow source; TeacherOnlineExamTest; runtime-probes.json","app/Http/Controllers/OnlineExamController.php:48-374; app/Models/OnlineExam.php; app/Http/Requests/OnlineExam/{Store,Update}OnlineExamRequest.php; resources/views/admin/online_exam/ / app/Http/Controllers/OnlineExamController.php:455-1138,1816-1850; resources/views/teacher/online_exam/; app/Http/Requests/OnlineExam/UpdateOnlineExamRequest.php:23","online_exams; online_exam_questions; subjects; classes / online_exams; online_exam_questions; teacher_permissions; teacher_programme_assignments; subjects","Admin/teacher creation and draft configuration exist; types cat/midterm/final/quiz/assignment.","Teacher edit 500 and publication bypass undermine full lifecycle; instruction text has no immutable version.","Configured exam may be unusable or change after publication.","Repair request binding; one validated lifecycle service; snapshot instructions.","HIGH"
"1 Exam management","Draft exams","PARTIAL","E02: Create/update/publish source; runtime-probes.json / E03: Teacher workflow source; TeacherOnlineExamTest; runtime-probes.json","app/Http/Controllers/OnlineExamController.php:48-374; app/Models/OnlineExam.php; app/Http/Requests/OnlineExam/{Store,Update}OnlineExamRequest.php; resources/views/admin/online_exam/ / app/Http/Controllers/OnlineExamController.php:455-1138,1816-1850; resources/views/teacher/online_exam/; app/Http/Requests/OnlineExam/UpdateOnlineExamRequest.php:23","online_exams; online_exam_questions; subjects; classes / online_exams; online_exam_questions; teacher_permissions; teacher_programme_assignments; subjects","Admin/teacher creation and draft configuration exist; types cat/midterm/final/quiz/assignment.","Teacher edit 500 and publication bypass undermine full lifecycle; instruction text has no immutable version.","Configured exam may be unusable or change after publication.","Repair request binding; one validated lifecycle service; snapshot instructions.","HIGH"
"1 Exam management","Exam types","PARTIAL","E02: Create/update/publish source; runtime-probes.json / E03: Teacher workflow source; TeacherOnlineExamTest; runtime-probes.json","app/Http/Controllers/OnlineExamController.php:48-374; app/Models/OnlineExam.php; app/Http/Requests/OnlineExam/{Store,Update}OnlineExamRequest.php; resources/views/admin/online_exam/ / app/Http/Controllers/OnlineExamController.php:455-1138,1816-1850; resources/views/teacher/online_exam/; app/Http/Requests/OnlineExam/UpdateOnlineExamRequest.php:23","online_exams; online_exam_questions; subjects; classes / online_exams; online_exam_questions; teacher_permissions; teacher_programme_assignments; subjects","Admin/teacher creation and draft configuration exist; types cat/midterm/final/quiz/assignment.","Teacher edit 500 and publication bypass undermine full lifecycle; instruction text has no immutable version.","Configured exam may be unusable or change after publication.","Repair request binding; one validated lifecycle service; snapshot instructions.","HIGH"
"1 Exam management","Instructions","PARTIAL","E02: Create/update/publish source; runtime-probes.json / E03: Teacher workflow source; TeacherOnlineExamTest; runtime-probes.json","app/Http/Controllers/OnlineExamController.php:48-374; app/Models/OnlineExam.php; app/Http/Requests/OnlineExam/{Store,Update}OnlineExamRequest.php; resources/views/admin/online_exam/ / app/Http/Controllers/OnlineExamController.php:455-1138,1816-1850; resources/views/teacher/online_exam/; app/Http/Requests/OnlineExam/UpdateOnlineExamRequest.php:23","online_exams; online_exam_questions; subjects; classes / online_exams; online_exam_questions; teacher_permissions; teacher_programme_assignments; subjects","Admin/teacher creation and draft configuration exist; types cat/midterm/final/quiz/assignment.","Teacher edit 500 and publication bypass undermine full lifecycle; instruction text has no immutable version.","Configured exam may be unusable or change after publication.","Repair request binding; one validated lifecycle service; snapshot instructions.","HIGH"
"1 Exam management","Scheduled exams","PARTIAL","E06: Delivery/eligibility source; OnlineExamStudentFrontendTest and StudentAttemptTest / E08: Deadline/heartbeat/schedule source; expiry/window tests; live runtime timezone","app/Http/Controllers/OnlineExamController.php:1141-1454,1924-1945; app/Models/{OnlineExam,OnlineExamSubmission}.php; resources/views/student/online_exam/{instructions,list,take}.blade.php / app/Http/Controllers/OnlineExamController.php:1223-1380,1509-1522,1561-1567; app/Models/OnlineExamSubmission.php; app/Http/Requests/OnlineExam/StartOnlineExamRequest.php; app/Console/Kernel.php; resources/views/student/online_exam/take.blade.php:182-227; config/app.php","online_exams; online_exam_questions; online_exam_submissions; enrollment; users / online_exam_submissions; online_exams","Published exams derive active/ended from start/end; start checks schedule.","No explicit scheduled transition; exact-close inconsistency and no after-lock window recheck.","Boundary starts and timezone ambiguity.","Explicit time contract and authoritative checks inside transaction.","HIGH"
"1 Exam management","Active exams","PARTIAL","E06: Delivery/eligibility source; OnlineExamStudentFrontendTest and StudentAttemptTest / E08: Deadline/heartbeat/schedule source; expiry/window tests; live runtime timezone","app/Http/Controllers/OnlineExamController.php:1141-1454,1924-1945; app/Models/{OnlineExam,OnlineExamSubmission}.php; resources/views/student/online_exam/{instructions,list,take}.blade.php / app/Http/Controllers/OnlineExamController.php:1223-1380,1509-1522,1561-1567; app/Models/OnlineExamSubmission.php; app/Http/Requests/OnlineExam/StartOnlineExamRequest.php; app/Console/Kernel.php; resources/views/student/online_exam/take.blade.php:182-227; config/app.php","online_exams; online_exam_questions; online_exam_submissions; enrollment; users / online_exam_submissions; online_exams","Published exams derive active/ended from start/end; start checks schedule.","No explicit scheduled transition; exact-close inconsistency and no after-lock window recheck.","Boundary starts and timezone ambiguity.","Explicit time contract and authoritative checks inside transaction.","HIGH"
"1 Exam management","Availability windows","PARTIAL","E06: Delivery/eligibility source; OnlineExamStudentFrontendTest and StudentAttemptTest / E08: Deadline/heartbeat/schedule source; expiry/window tests; live runtime timezone","app/Http/Controllers/OnlineExamController.php:1141-1454,1924-1945; app/Models/{OnlineExam,OnlineExamSubmission}.php; resources/views/student/online_exam/{instructions,list,take}.blade.php / app/Http/Controllers/OnlineExamController.php:1223-1380,1509-1522,1561-1567; app/Models/OnlineExamSubmission.php; app/Http/Requests/OnlineExam/StartOnlineExamRequest.php; app/Console/Kernel.php; resources/views/student/online_exam/take.blade.php:182-227; config/app.php","online_exams; online_exam_questions; online_exam_submissions; enrollment; users / online_exam_submissions; online_exams","Published exams derive active/ended from start/end; start checks schedule.","No explicit scheduled transition; exact-close inconsistency and no after-lock window recheck.","Boundary starts and timezone ambiguity.","Explicit time contract and authoritative checks inside transaction.","HIGH"
"1 Exam management","Published exams","BROKEN","E02: Create/update/publish source; runtime-probes.json","app/Http/Controllers/OnlineExamController.php:48-374; app/Models/OnlineExam.php; app/Http/Requests/OnlineExam/{Store,Update}OnlineExamRequest.php; resources/views/admin/online_exam/","online_exams; online_exam_questions; subjects; classes","Dedicated publish checks question count/mark total.","Store/update can directly publish empty exam; toggle bypasses guarded unpublish.","Invalid exams delivered or active candidates stranded.","Centralize transitions/readiness; replace GET mutation.","HIGH"
"1 Exam management","Closed exams","PARTIAL","E08: Deadline/heartbeat/schedule source; expiry/window tests; live runtime timezone","app/Http/Controllers/OnlineExamController.php:1223-1380,1509-1522,1561-1567; app/Models/OnlineExamSubmission.php; app/Http/Requests/OnlineExam/StartOnlineExamRequest.php; app/Console/Kernel.php; resources/views/student/online_exam/take.blade.php:182-227; config/app.php","online_exam_submissions; online_exams","End window prevents new late starts.","No deliberate close workflow/expiry sweeper; active saves use frozen deadline.","Abandoned attempts remain active.","Server expiry service and explicit close semantics.","HIGH"
"1 Exam management","Marking state","BROKEN","E09: Marking/finalization trace; both runtime probe artifacts / E12: Result visibility and presentation source; premature-result/finalize probes","app/Http/Controllers/OnlineExamController.php:1046-1138,1548-1588,1604-1814; app/Http/Requests/OnlineExam/{SubmitOnlineExamRequest,ManualMarkAnswerRequest}.php; resources/views/student/online_exam/take.blade.php:144-149 / app/Models/OnlineExam.php:isResultVisibleFor; app/Models/OnlineExamSubmission.php; app/Http/Controllers/OnlineExamController.php:1569-1693; resources/views/{student,admin,teacher}/online_exam/results.blade.php (student uses result.blade.php)","online_exam_submissions; online_exam_answers; online_exam_questions / online_exam_submissions; online_exam_answers; online_exams","pending_manual_marking/finalized attempt values exist.","Exam-level and result publication states conflated; incomplete grading can be exposed.","Incorrect official outcome.","Separate attempt, grading and publication states.","CRITICAL"
"1 Exam management","Results-published state","BROKEN","E09: Marking/finalization trace; both runtime probe artifacts / E12: Result visibility and presentation source; premature-result/finalize probes","app/Http/Controllers/OnlineExamController.php:1046-1138,1548-1588,1604-1814; app/Http/Requests/OnlineExam/{SubmitOnlineExamRequest,ManualMarkAnswerRequest}.php; resources/views/student/online_exam/take.blade.php:144-149 / app/Models/OnlineExam.php:isResultVisibleFor; app/Models/OnlineExamSubmission.php; app/Http/Controllers/OnlineExamController.php:1569-1693; resources/views/{student,admin,teacher}/online_exam/results.blade.php (student uses result.blade.php)","online_exam_submissions; online_exam_answers; online_exam_questions / online_exam_submissions; online_exam_answers; online_exams","pending_manual_marking/finalized attempt values exist.","Exam-level and result publication states conflated; incomplete grading can be exposed.","Incorrect official outcome.","Separate attempt, grading and publication states.","CRITICAL"
"1 Exam management","Paused exams","MISSING","E02: Create/update/publish source; runtime-probes.json / E20: Filename + concept search and connected path inspection","app/Http/Controllers/OnlineExamController.php:48-374; app/Models/OnlineExam.php; app/Http/Requests/OnlineExam/{Store,Update}OnlineExamRequest.php; resources/views/admin/online_exam/ / docs/online-exams-audit/{core-search-files,concept-search-files}.txt; app/Http/Controllers/OnlineExamController.php; app/Models/OnlineExam*.php; routes/web.php; app/Console/Kernel.php","online_exams; online_exam_questions; subjects; classes / exam-owned tables; no supporting implementation found","No connected implementation found.","No supporting route/service/storage/UI workflow found.","Target workflow is unavailable.","Add explicit, authorized and audited lifecycle transitions after engine repair.","MEDIUM"
"1 Exam management","Approved exams","MISSING","E02: Create/update/publish source; runtime-probes.json / E20: Filename + concept search and connected path inspection","app/Http/Controllers/OnlineExamController.php:48-374; app/Models/OnlineExam.php; app/Http/Requests/OnlineExam/{Store,Update}OnlineExamRequest.php; resources/views/admin/online_exam/ / docs/online-exams-audit/{core-search-files,concept-search-files}.txt; app/Http/Controllers/OnlineExamController.php; app/Models/OnlineExam*.php; routes/web.php; app/Console/Kernel.php","online_exams; online_exam_questions; subjects; classes / exam-owned tables; no supporting implementation found","No connected implementation found.","No supporting route/service/storage/UI workflow found.","Target workflow is unavailable.","Add explicit, authorized and audited lifecycle transitions after engine repair.","MEDIUM"
"1 Exam management","Archived exams","MISSING","E02: Create/update/publish source; runtime-probes.json / E20: Filename + concept search and connected path inspection","app/Http/Controllers/OnlineExamController.php:48-374; app/Models/OnlineExam.php; app/Http/Requests/OnlineExam/{Store,Update}OnlineExamRequest.php; resources/views/admin/online_exam/ / docs/online-exams-audit/{core-search-files,concept-search-files}.txt; app/Http/Controllers/OnlineExamController.php; app/Models/OnlineExam*.php; routes/web.php; app/Console/Kernel.php","online_exams; online_exam_questions; subjects; classes / exam-owned tables; no supporting implementation found","No connected implementation found.","No supporting route/service/storage/UI workflow found.","Target workflow is unavailable.","Add explicit, authorized and audited lifecycle transitions after engine repair.","MEDIUM"
"1 Exam management","Duration","PARTIAL","E02: Create/update/publish source; runtime-probes.json / E05: Question type/form/validator/grading inspection; live-schema.json; T/F runtime probe / E08: Deadline/heartbeat/schedule source; expiry/window tests; live runtime timezone","app/Http/Controllers/OnlineExamController.php:48-374; app/Models/OnlineExam.php; app/Http/Requests/OnlineExam/{Store,Update}OnlineExamRequest.php; resources/views/admin/online_exam/ / app/Models/{OnlineExamQuestion,QuestionBank}.php; app/Http/Requests/OnlineExam/{Store,Update}OnlineExamQuestionRequest.php; app/Http/Controllers/OnlineExamController.php:1695-1814; resources/views/{admin,teacher,student}/online_exam/ / app/Http/Controllers/OnlineExamController.php:1223-1380,1509-1522,1561-1567; app/Models/OnlineExamSubmission.php; app/Http/Requests/OnlineExam/StartOnlineExamRequest.php; app/Console/Kernel.php; resources/views/student/online_exam/take.blade.php:182-227; config/app.php","online_exams; online_exam_questions; subjects; classes / question_banks; online_exam_questions; online_exam_answers / online_exam_submissions; online_exams","Server duration/deadline, marks-sum readiness, raw-mark threshold.","Nullable duration can normalize to zero outside publish checks; fractional/type limits; UI labels pass mark as %.","Wrong timing or outcomes.","Require positive duration; consistent DECIMAL/range rules; label marks correctly.","HIGH"
"1 Exam management","Total marks","PARTIAL","E02: Create/update/publish source; runtime-probes.json / E05: Question type/form/validator/grading inspection; live-schema.json; T/F runtime probe / E08: Deadline/heartbeat/schedule source; expiry/window tests; live runtime timezone","app/Http/Controllers/OnlineExamController.php:48-374; app/Models/OnlineExam.php; app/Http/Requests/OnlineExam/{Store,Update}OnlineExamRequest.php; resources/views/admin/online_exam/ / app/Models/{OnlineExamQuestion,QuestionBank}.php; app/Http/Requests/OnlineExam/{Store,Update}OnlineExamQuestionRequest.php; app/Http/Controllers/OnlineExamController.php:1695-1814; resources/views/{admin,teacher,student}/online_exam/ / app/Http/Controllers/OnlineExamController.php:1223-1380,1509-1522,1561-1567; app/Models/OnlineExamSubmission.php; app/Http/Requests/OnlineExam/StartOnlineExamRequest.php; app/Console/Kernel.php; resources/views/student/online_exam/take.blade.php:182-227; config/app.php","online_exams; online_exam_questions; subjects; classes / question_banks; online_exam_questions; online_exam_answers / online_exam_submissions; online_exams","Server duration/deadline, marks-sum readiness, raw-mark threshold.","Nullable duration can normalize to zero outside publish checks; fractional/type limits; UI labels pass mark as %.","Wrong timing or outcomes.","Require positive duration; consistent DECIMAL/range rules; label marks correctly.","HIGH"
"1 Exam management","Pass mark","PARTIAL","E02: Create/update/publish source; runtime-probes.json / E05: Question type/form/validator/grading inspection; live-schema.json; T/F runtime probe / E08: Deadline/heartbeat/schedule source; expiry/window tests; live runtime timezone","app/Http/Controllers/OnlineExamController.php:48-374; app/Models/OnlineExam.php; app/Http/Requests/OnlineExam/{Store,Update}OnlineExamRequest.php; resources/views/admin/online_exam/ / app/Models/{OnlineExamQuestion,QuestionBank}.php; app/Http/Requests/OnlineExam/{Store,Update}OnlineExamQuestionRequest.php; app/Http/Controllers/OnlineExamController.php:1695-1814; resources/views/{admin,teacher,student}/online_exam/ / app/Http/Controllers/OnlineExamController.php:1223-1380,1509-1522,1561-1567; app/Models/OnlineExamSubmission.php; app/Http/Requests/OnlineExam/StartOnlineExamRequest.php; app/Console/Kernel.php; resources/views/student/online_exam/take.blade.php:182-227; config/app.php","online_exams; online_exam_questions; subjects; classes / question_banks; online_exam_questions; online_exam_answers / online_exam_submissions; online_exams","Server duration/deadline, marks-sum readiness, raw-mark threshold.","Nullable duration can normalize to zero outside publish checks; fractional/type limits; UI labels pass mark as %.","Wrong timing or outcomes.","Require positive duration; consistent DECIMAL/range rules; label marks correctly.","HIGH"
"1 Exam management","Academic session","PLACEHOLDER","E03: Teacher workflow source; TeacherOnlineExamTest; runtime-probes.json / E17: Existing authoritative model/schema inspection and exam consumer trace","app/Http/Controllers/OnlineExamController.php:455-1138,1816-1850; resources/views/teacher/online_exam/; app/Http/Requests/OnlineExam/UpdateOnlineExamRequest.php:23 / app/Models/{User,School,Enrollment,StudentProfile,Subject,Programme,Session,TeacherPermission,TeacherProgrammeAssignment}.php; app/Http/Controllers/OnlineExamController.php:1816-1850,1924-1933","online_exams; online_exam_questions; teacher_permissions; teacher_programme_assignments; subjects / users; schools; departments; programmes; classes; subjects; sessions; enrollment; student_profiles; teacher_permissions; teacher_programme_assignments","Teacher form displays disabled controls; authoritative models already exist.","Exam stores neither academic session nor programme; tertiary selectors ignore programme assignments.","Wrong candidates or no selectable subject.","Reference existing models through eligibility service and additive exam fields.","HIGH"
"1 Exam management","Programme/course assignment","PLACEHOLDER","E03: Teacher workflow source; TeacherOnlineExamTest; runtime-probes.json / E17: Existing authoritative model/schema inspection and exam consumer trace","app/Http/Controllers/OnlineExamController.php:455-1138,1816-1850; resources/views/teacher/online_exam/; app/Http/Requests/OnlineExam/UpdateOnlineExamRequest.php:23 / app/Models/{User,School,Enrollment,StudentProfile,Subject,Programme,Session,TeacherPermission,TeacherProgrammeAssignment}.php; app/Http/Controllers/OnlineExamController.php:1816-1850,1924-1933","online_exams; online_exam_questions; teacher_permissions; teacher_programme_assignments; subjects / users; schools; departments; programmes; classes; subjects; sessions; enrollment; student_profiles; teacher_permissions; teacher_programme_assignments","Teacher form displays disabled controls; authoritative models already exist.","Exam stores neither academic session nor programme; tertiary selectors ignore programme assignments.","Wrong candidates or no selectable subject.","Reference existing models through eligibility service and additive exam fields.","HIGH"
"1 Exam management","Class assignment","PARTIAL","E06: Delivery/eligibility source; OnlineExamStudentFrontendTest and StudentAttemptTest / E17: Existing authoritative model/schema inspection and exam consumer trace","app/Http/Controllers/OnlineExamController.php:1141-1454,1924-1945; app/Models/{OnlineExam,OnlineExamSubmission}.php; resources/views/student/online_exam/{instructions,list,take}.blade.php / app/Models/{User,School,Enrollment,StudentProfile,Subject,Programme,Session,TeacherPermission,TeacherProgrammeAssignment}.php; app/Http/Controllers/OnlineExamController.php:1816-1850,1924-1933","online_exams; online_exam_questions; online_exam_submissions; enrollment; users / users; schools; departments; programmes; classes; subjects; sessions; enrollment; student_profiles; teacher_permissions; teacher_programme_assignments","Same-school subject/class validation and class visibility exist.","First historical enrollment; null class means school-wide, not programme scope.","Unauthorized same-school candidates sit exam.","Explicit audience + session-aware enrollment/profile checks.","HIGH"
"1 Exam management","Subject assignment","PARTIAL","E06: Delivery/eligibility source; OnlineExamStudentFrontendTest and StudentAttemptTest / E17: Existing authoritative model/schema inspection and exam consumer trace","app/Http/Controllers/OnlineExamController.php:1141-1454,1924-1945; app/Models/{OnlineExam,OnlineExamSubmission}.php; resources/views/student/online_exam/{instructions,list,take}.blade.php / app/Models/{User,School,Enrollment,StudentProfile,Subject,Programme,Session,TeacherPermission,TeacherProgrammeAssignment}.php; app/Http/Controllers/OnlineExamController.php:1816-1850,1924-1933","online_exams; online_exam_questions; online_exam_submissions; enrollment; users / users; schools; departments; programmes; classes; subjects; sessions; enrollment; student_profiles; teacher_permissions; teacher_programme_assignments","Same-school subject/class validation and class visibility exist.","First historical enrollment; null class means school-wide, not programme scope.","Unauthorized same-school candidates sit exam.","Explicit audience + session-aware enrollment/profile checks.","HIGH"
"1 Exam management","Exam sections","MISSING","E02: Create/update/publish source; runtime-probes.json / E20: Filename + concept search and connected path inspection","app/Http/Controllers/OnlineExamController.php:48-374; app/Models/OnlineExam.php; app/Http/Requests/OnlineExam/{Store,Update}OnlineExamRequest.php; resources/views/admin/online_exam/ / docs/online-exams-audit/{core-search-files,concept-search-files}.txt; app/Http/Controllers/OnlineExamController.php; app/Models/OnlineExam*.php; routes/web.php; app/Console/Kernel.php","online_exams; online_exam_questions; subjects; classes / exam-owned tables; no supporting implementation found","No connected implementation found.","No supporting route/service/storage/UI workflow found.","Target workflow is unavailable.","Add exam-owned section/late-entry/clone/template support; keep clones draft with new identity.","MEDIUM"
"1 Exam management","Late-entry rules","MISSING","E02: Create/update/publish source; runtime-probes.json / E20: Filename + concept search and connected path inspection","app/Http/Controllers/OnlineExamController.php:48-374; app/Models/OnlineExam.php; app/Http/Requests/OnlineExam/{Store,Update}OnlineExamRequest.php; resources/views/admin/online_exam/ / docs/online-exams-audit/{core-search-files,concept-search-files}.txt; app/Http/Controllers/OnlineExamController.php; app/Models/OnlineExam*.php; routes/web.php; app/Console/Kernel.php","online_exams; online_exam_questions; subjects; classes / exam-owned tables; no supporting implementation found","No connected implementation found.","No supporting route/service/storage/UI workflow found.","Target workflow is unavailable.","Add exam-owned section/late-entry/clone/template support; keep clones draft with new identity.","MEDIUM"
"1 Exam management","Exam duplication","MISSING","E02: Create/update/publish source; runtime-probes.json / E20: Filename + concept search and connected path inspection","app/Http/Controllers/OnlineExamController.php:48-374; app/Models/OnlineExam.php; app/Http/Requests/OnlineExam/{Store,Update}OnlineExamRequest.php; resources/views/admin/online_exam/ / docs/online-exams-audit/{core-search-files,concept-search-files}.txt; app/Http/Controllers/OnlineExamController.php; app/Models/OnlineExam*.php; routes/web.php; app/Console/Kernel.php","online_exams; online_exam_questions; subjects; classes / exam-owned tables; no supporting implementation found","No connected implementation found.","No supporting route/service/storage/UI workflow found.","Target workflow is unavailable.","Add exam-owned section/late-entry/clone/template support; keep clones draft with new identity.","MEDIUM"
"1 Exam management","Exam templates","MISSING","E02: Create/update/publish source; runtime-probes.json / E20: Filename + concept search and connected path inspection","app/Http/Controllers/OnlineExamController.php:48-374; app/Models/OnlineExam.php; app/Http/Requests/OnlineExam/{Store,Update}OnlineExamRequest.php; resources/views/admin/online_exam/ / docs/online-exams-audit/{core-search-files,concept-search-files}.txt; app/Http/Controllers/OnlineExamController.php; app/Models/OnlineExam*.php; routes/web.php; app/Console/Kernel.php","online_exams; online_exam_questions; subjects; classes / exam-owned tables; no supporting implementation found","No connected implementation found.","No supporting route/service/storage/UI workflow found.","Target workflow is unavailable.","Add exam-owned section/late-entry/clone/template support; keep clones draft with new identity.","MEDIUM"
"1 Exam management","Attempt limits","PARTIAL","E06: Delivery/eligibility source; OnlineExamStudentFrontendTest and StudentAttemptTest / E14: Live SHOW CREATE TABLE/SHOW INDEX inspection versus migrations/test schema","app/Http/Controllers/OnlineExamController.php:1141-1454,1924-1945; app/Models/{OnlineExam,OnlineExamSubmission}.php; resources/views/student/online_exam/{instructions,list,take}.blade.php / docs/online-exams-audit/live-schema.json; database/migrations/*online_exam*.php; database/migrations/2026_07_02_125458_create_question_banks_table.php; tests/Feature/Support/OnlineExamTestHelper.php","online_exams; online_exam_questions; online_exam_submissions; enrollment; users / all seven exam/question-bank tables","Configured max_attempts 1-20; active duplicate checks/locking.","No unique attempt-number constraint; expired active row prevents restart until finalized.","Race/recovery fragility.","Add uniqueness after preflight and consistent expiry handling.","HIGH"
"1 Exam management","Exam preview","PARTIAL","E03: Teacher workflow source; TeacherOnlineExamTest; runtime-probes.json / E06: Delivery/eligibility source; OnlineExamStudentFrontendTest and StudentAttemptTest","app/Http/Controllers/OnlineExamController.php:455-1138,1816-1850; resources/views/teacher/online_exam/; app/Http/Requests/OnlineExam/UpdateOnlineExamRequest.php:23 / app/Http/Controllers/OnlineExamController.php:1141-1454,1924-1945; app/Models/{OnlineExam,OnlineExamSubmission}.php; resources/views/student/online_exam/{instructions,list,take}.blade.php","online_exams; online_exam_questions; teacher_permissions; teacher_programme_assignments; subjects / online_exams; online_exam_questions; online_exam_submissions; enrollment; users","Teacher preview renders question text and MCQ options with keys removed.","Not an exact candidate manifest/interactive runtime preview; admin show missing.","Preview does not reveal all delivery defects.","Shared read-only candidate renderer with no attempt side effects.","MEDIUM"
"1 Exam management","Approval/moderation workflow","PARTIAL","E02: Create/update/publish source; runtime-probes.json / E03: Teacher workflow source; TeacherOnlineExamTest; runtime-probes.json","app/Http/Controllers/OnlineExamController.php:48-374; app/Models/OnlineExam.php; app/Http/Requests/OnlineExam/{Store,Update}OnlineExamRequest.php; resources/views/admin/online_exam/ / app/Http/Controllers/OnlineExamController.php:455-1138,1816-1850; resources/views/teacher/online_exam/; app/Http/Requests/OnlineExam/UpdateOnlineExamRequest.php:23","online_exams; online_exam_questions; subjects; classes / online_exams; online_exam_questions; teacher_permissions; teacher_programme_assignments; subjects","pending_review, reviewer fields and submit-review/publish methods.","No reviewer assignment/rejection notes/independent approval; alternate state mutation bypasses gates.","Author can bypass process depending on permissions.","State-specific author/reviewer permissions and transition history.","HIGH"
"2 Question bank","Reusable bank","PARTIAL","E04: Question-bank source and import test; both runtime probe artifacts / E10: Policy/permission/role inspection; isolation tests; deny/officer probes","app/Http/Controllers/OnlineExamController.php:376-451,813-1015; app/Models/QuestionBank.php; resources/views/admin/online_exam/{question_bank,bank_modal,questions}.blade.php; resources/views/teacher/online_exam/question_bank.blade.php / app/Support/Permissions/{OnlineExamPermissionService,OnlineExamAuthorizer}.php; app/Policies/OnlineExam*.php; database/seeders/OnlineExamPermissionSeeder.php; app/Models/AuditLog.php:45-53","question_banks; online_exam_questions; subjects / roles; users; global_settings; online_exams; online_exam_submissions","Bank rows have creator/school/subject; teacher import copies content.","No dedicated bank policy; same-school teacher can delete another author's item via admin endpoint.","Loss of shared examination material.","QuestionBankPolicy with scoped view/create/update/archive/import actions.","HIGH"
"2 Question bank","Question author","PARTIAL","E04: Question-bank source and import test; both runtime probe artifacts / E10: Policy/permission/role inspection; isolation tests; deny/officer probes","app/Http/Controllers/OnlineExamController.php:376-451,813-1015; app/Models/QuestionBank.php; resources/views/admin/online_exam/{question_bank,bank_modal,questions}.blade.php; resources/views/teacher/online_exam/question_bank.blade.php / app/Support/Permissions/{OnlineExamPermissionService,OnlineExamAuthorizer}.php; app/Policies/OnlineExam*.php; database/seeders/OnlineExamPermissionSeeder.php; app/Models/AuditLog.php:45-53","question_banks; online_exam_questions; subjects / roles; users; global_settings; online_exams; online_exam_submissions","Bank rows have creator/school/subject; teacher import copies content.","No dedicated bank policy; same-school teacher can delete another author's item via admin endpoint.","Loss of shared examination material.","QuestionBankPolicy with scoped view/create/update/archive/import actions.","HIGH"
"2 Question bank","Question ownership","PARTIAL","E04: Question-bank source and import test; both runtime probe artifacts / E10: Policy/permission/role inspection; isolation tests; deny/officer probes","app/Http/Controllers/OnlineExamController.php:376-451,813-1015; app/Models/QuestionBank.php; resources/views/admin/online_exam/{question_bank,bank_modal,questions}.blade.php; resources/views/teacher/online_exam/question_bank.blade.php / app/Support/Permissions/{OnlineExamPermissionService,OnlineExamAuthorizer}.php; app/Policies/OnlineExam*.php; database/seeders/OnlineExamPermissionSeeder.php; app/Models/AuditLog.php:45-53","question_banks; online_exam_questions; subjects / roles; users; global_settings; online_exams; online_exam_submissions","Bank rows have creator/school/subject; teacher import copies content.","No dedicated bank policy; same-school teacher can delete another author's item via admin endpoint.","Loss of shared examination material.","QuestionBankPolicy with scoped view/create/update/archive/import actions.","HIGH"
"2 Question bank","Question permissions","PARTIAL","E04: Question-bank source and import test; both runtime probe artifacts / E10: Policy/permission/role inspection; isolation tests; deny/officer probes","app/Http/Controllers/OnlineExamController.php:376-451,813-1015; app/Models/QuestionBank.php; resources/views/admin/online_exam/{question_bank,bank_modal,questions}.blade.php; resources/views/teacher/online_exam/question_bank.blade.php / app/Support/Permissions/{OnlineExamPermissionService,OnlineExamAuthorizer}.php; app/Policies/OnlineExam*.php; database/seeders/OnlineExamPermissionSeeder.php; app/Models/AuditLog.php:45-53","question_banks; online_exam_questions; subjects / roles; users; global_settings; online_exams; online_exam_submissions","Bank rows have creator/school/subject; teacher import copies content.","No dedicated bank policy; same-school teacher can delete another author's item via admin endpoint.","Loss of shared examination material.","QuestionBankPolicy with scoped view/create/update/archive/import actions.","HIGH"
"2 Question bank","Subjects","PARTIAL","E04: Question-bank source and import test; both runtime probe artifacts / E14: Live SHOW CREATE TABLE/SHOW INDEX inspection versus migrations/test schema","app/Http/Controllers/OnlineExamController.php:376-451,813-1015; app/Models/QuestionBank.php; resources/views/admin/online_exam/{question_bank,bank_modal,questions}.blade.php; resources/views/teacher/online_exam/question_bank.blade.php / docs/online-exams-audit/live-schema.json; database/migrations/*online_exam*.php; database/migrations/2026_07_02_125458_create_question_banks_table.php; tests/Feature/Support/OnlineExamTestHelper.php","question_banks; online_exam_questions; subjects / all seven exam/question-bank tables","Bank has subject and easy/medium/hard fields.","Cross-school subject references accepted; difficulty not used for generation/filtering.","Wrong tenant linkage and weak organization.","Scoped subject rule and indexed metadata filters.","HIGH"
"2 Question bank","Difficulty","PARTIAL","E04: Question-bank source and import test; both runtime probe artifacts / E14: Live SHOW CREATE TABLE/SHOW INDEX inspection versus migrations/test schema","app/Http/Controllers/OnlineExamController.php:376-451,813-1015; app/Models/QuestionBank.php; resources/views/admin/online_exam/{question_bank,bank_modal,questions}.blade.php; resources/views/teacher/online_exam/question_bank.blade.php / docs/online-exams-audit/live-schema.json; database/migrations/*online_exam*.php; database/migrations/2026_07_02_125458_create_question_banks_table.php; tests/Feature/Support/OnlineExamTestHelper.php","question_banks; online_exam_questions; subjects / all seven exam/question-bank tables","Bank has subject and easy/medium/hard fields.","Cross-school subject references accepted; difficulty not used for generation/filtering.","Wrong tenant linkage and weak organization.","Scoped subject rule and indexed metadata filters.","HIGH"
"2 Question bank","Search","PARTIAL","E04: Question-bank source and import test; both runtime probe artifacts","app/Http/Controllers/OnlineExamController.php:376-451,813-1015; app/Models/QuestionBank.php; resources/views/admin/online_exam/{question_bank,bank_modal,questions}.blade.php; resources/views/teacher/online_exam/question_bank.blade.php","question_banks; online_exam_questions; subjects","Teacher text/subject search and admin server text query; pagination.","Teacher bank route shadowed; admin search UI absent; no taxonomy/difficulty filters.","Bank inaccessible or hard to manage.","Fix route order; expose bounded indexed filters.","HIGH"
"2 Question bank","Filters","PARTIAL","E04: Question-bank source and import test; both runtime probe artifacts","app/Http/Controllers/OnlineExamController.php:376-451,813-1015; app/Models/QuestionBank.php; resources/views/admin/online_exam/{question_bank,bank_modal,questions}.blade.php; resources/views/teacher/online_exam/question_bank.blade.php","question_banks; online_exam_questions; subjects","Teacher text/subject search and admin server text query; pagination.","Teacher bank route shadowed; admin search UI absent; no taxonomy/difficulty filters.","Bank inaccessible or hard to manage.","Fix route order; expose bounded indexed filters.","HIGH"
"2 Question bank","Usage history","PARTIAL","E04: Question-bank source and import test; both runtime probe artifacts / E14: Live SHOW CREATE TABLE/SHOW INDEX inspection versus migrations/test schema","app/Http/Controllers/OnlineExamController.php:376-451,813-1015; app/Models/QuestionBank.php; resources/views/admin/online_exam/{question_bank,bank_modal,questions}.blade.php; resources/views/teacher/online_exam/question_bank.blade.php / docs/online-exams-audit/live-schema.json; database/migrations/*online_exam*.php; database/migrations/2026_07_02_125458_create_question_banks_table.php; tests/Feature/Support/OnlineExamTestHelper.php","question_banks; online_exam_questions; subjects / all seven exam/question-bank tables","Imported question retains question_bank_id.","No history view/version/reference integrity.","Cannot confidently establish usage/version.","Immutable versions and usage queries; retain source tombstones.","MEDIUM"
"2 Question bank","Categories","MISSING","E04: Question-bank source and import test; both runtime probe artifacts / E20: Filename + concept search and connected path inspection","app/Http/Controllers/OnlineExamController.php:376-451,813-1015; app/Models/QuestionBank.php; resources/views/admin/online_exam/{question_bank,bank_modal,questions}.blade.php; resources/views/teacher/online_exam/question_bank.blade.php / docs/online-exams-audit/{core-search-files,concept-search-files}.txt; app/Http/Controllers/OnlineExamController.php; app/Models/OnlineExam*.php; routes/web.php; app/Console/Kernel.php","question_banks; online_exam_questions; subjects / exam-owned tables; no supporting implementation found","No connected implementation found.","No supporting route/service/storage/UI workflow found.","Target workflow is unavailable.","Extend existing bank with versioned metadata/moderation and validated import/export; retain current IDs.","MEDIUM"
"2 Question bank","Topics","MISSING","E04: Question-bank source and import test; both runtime probe artifacts / E20: Filename + concept search and connected path inspection","app/Http/Controllers/OnlineExamController.php:376-451,813-1015; app/Models/QuestionBank.php; resources/views/admin/online_exam/{question_bank,bank_modal,questions}.blade.php; resources/views/teacher/online_exam/question_bank.blade.php / docs/online-exams-audit/{core-search-files,concept-search-files}.txt; app/Http/Controllers/OnlineExamController.php; app/Models/OnlineExam*.php; routes/web.php; app/Console/Kernel.php","question_banks; online_exam_questions; subjects / exam-owned tables; no supporting implementation found","No connected implementation found.","No supporting route/service/storage/UI workflow found.","Target workflow is unavailable.","Extend existing bank with versioned metadata/moderation and validated import/export; retain current IDs.","MEDIUM"
"2 Question bank","Learning outcomes","MISSING","E04: Question-bank source and import test; both runtime probe artifacts / E20: Filename + concept search and connected path inspection","app/Http/Controllers/OnlineExamController.php:376-451,813-1015; app/Models/QuestionBank.php; resources/views/admin/online_exam/{question_bank,bank_modal,questions}.blade.php; resources/views/teacher/online_exam/question_bank.blade.php / docs/online-exams-audit/{core-search-files,concept-search-files}.txt; app/Http/Controllers/OnlineExamController.php; app/Models/OnlineExam*.php; routes/web.php; app/Console/Kernel.php","question_banks; online_exam_questions; subjects / exam-owned tables; no supporting implementation found","No connected implementation found.","No supporting route/service/storage/UI workflow found.","Target workflow is unavailable.","Extend existing bank with versioned metadata/moderation and validated import/export; retain current IDs.","MEDIUM"
"2 Question bank","Bloom's taxonomy","MISSING","E04: Question-bank source and import test; both runtime probe artifacts / E20: Filename + concept search and connected path inspection","app/Http/Controllers/OnlineExamController.php:376-451,813-1015; app/Models/QuestionBank.php; resources/views/admin/online_exam/{question_bank,bank_modal,questions}.blade.php; resources/views/teacher/online_exam/question_bank.blade.php / docs/online-exams-audit/{core-search-files,concept-search-files}.txt; app/Http/Controllers/OnlineExamController.php; app/Models/OnlineExam*.php; routes/web.php; app/Console/Kernel.php","question_banks; online_exam_questions; subjects / exam-owned tables; no supporting implementation found","No connected implementation found.","No supporting route/service/storage/UI workflow found.","Target workflow is unavailable.","Extend existing bank with versioned metadata/moderation and validated import/export; retain current IDs.","MEDIUM"
"2 Question bank","Tags","MISSING","E04: Question-bank source and import test; both runtime probe artifacts / E20: Filename + concept search and connected path inspection","app/Http/Controllers/OnlineExamController.php:376-451,813-1015; app/Models/QuestionBank.php; resources/views/admin/online_exam/{question_bank,bank_modal,questions}.blade.php; resources/views/teacher/online_exam/question_bank.blade.php / docs/online-exams-audit/{core-search-files,concept-search-files}.txt; app/Http/Controllers/OnlineExamController.php; app/Models/OnlineExam*.php; routes/web.php; app/Console/Kernel.php","question_banks; online_exam_questions; subjects / exam-owned tables; no supporting implementation found","No connected implementation found.","No supporting route/service/storage/UI workflow found.","Target workflow is unavailable.","Extend existing bank with versioned metadata/moderation and validated import/export; retain current IDs.","MEDIUM"
"2 Question bank","Draft state","MISSING","E04: Question-bank source and import test; both runtime probe artifacts / E20: Filename + concept search and connected path inspection","app/Http/Controllers/OnlineExamController.php:376-451,813-1015; app/Models/QuestionBank.php; resources/views/admin/online_exam/{question_bank,bank_modal,questions}.blade.php; resources/views/teacher/online_exam/question_bank.blade.php / docs/online-exams-audit/{core-search-files,concept-search-files}.txt; app/Http/Controllers/OnlineExamController.php; app/Models/OnlineExam*.php; routes/web.php; app/Console/Kernel.php","question_banks; online_exam_questions; subjects / exam-owned tables; no supporting implementation found","No connected implementation found.","No supporting route/service/storage/UI workflow found.","Target workflow is unavailable.","Extend existing bank with versioned metadata/moderation and validated import/export; retain current IDs.","MEDIUM"
"2 Question bank","Approved state","MISSING","E04: Question-bank source and import test; both runtime probe artifacts / E20: Filename + concept search and connected path inspection","app/Http/Controllers/OnlineExamController.php:376-451,813-1015; app/Models/QuestionBank.php; resources/views/admin/online_exam/{question_bank,bank_modal,questions}.blade.php; resources/views/teacher/online_exam/question_bank.blade.php / docs/online-exams-audit/{core-search-files,concept-search-files}.txt; app/Http/Controllers/OnlineExamController.php; app/Models/OnlineExam*.php; routes/web.php; app/Console/Kernel.php","question_banks; online_exam_questions; subjects / exam-owned tables; no supporting implementation found","No connected implementation found.","No supporting route/service/storage/UI workflow found.","Target workflow is unavailable.","Extend existing bank with versioned metadata/moderation and validated import/export; retain current IDs.","MEDIUM"
"2 Question bank","Rejected state","MISSING","E04: Question-bank source and import test; both runtime probe artifacts / E20: Filename + concept search and connected path inspection","app/Http/Controllers/OnlineExamController.php:376-451,813-1015; app/Models/QuestionBank.php; resources/views/admin/online_exam/{question_bank,bank_modal,questions}.blade.php; resources/views/teacher/online_exam/question_bank.blade.php / docs/online-exams-audit/{core-search-files,concept-search-files}.txt; app/Http/Controllers/OnlineExamController.php; app/Models/OnlineExam*.php; routes/web.php; app/Console/Kernel.php","question_banks; online_exam_questions; subjects / exam-owned tables; no supporting implementation found","No connected implementation found.","No supporting route/service/storage/UI workflow found.","Target workflow is unavailable.","Extend existing bank with versioned metadata/moderation and validated import/export; retain current IDs.","MEDIUM"
"2 Question bank","Retired state","MISSING","E04: Question-bank source and import test; both runtime probe artifacts / E20: Filename + concept search and connected path inspection","app/Http/Controllers/OnlineExamController.php:376-451,813-1015; app/Models/QuestionBank.php; resources/views/admin/online_exam/{question_bank,bank_modal,questions}.blade.php; resources/views/teacher/online_exam/question_bank.blade.php / docs/online-exams-audit/{core-search-files,concept-search-files}.txt; app/Http/Controllers/OnlineExamController.php; app/Models/OnlineExam*.php; routes/web.php; app/Console/Kernel.php","question_banks; online_exam_questions; subjects / exam-owned tables; no supporting implementation found","No connected implementation found.","No supporting route/service/storage/UI workflow found.","Target workflow is unavailable.","Extend existing bank with versioned metadata/moderation and validated import/export; retain current IDs.","MEDIUM"
"2 Question bank","Question moderation","MISSING","E04: Question-bank source and import test; both runtime probe artifacts / E20: Filename + concept search and connected path inspection","app/Http/Controllers/OnlineExamController.php:376-451,813-1015; app/Models/QuestionBank.php; resources/views/admin/online_exam/{question_bank,bank_modal,questions}.blade.php; resources/views/teacher/online_exam/question_bank.blade.php / docs/online-exams-audit/{core-search-files,concept-search-files}.txt; app/Http/Controllers/OnlineExamController.php; app/Models/OnlineExam*.php; routes/web.php; app/Console/Kernel.php","question_banks; online_exam_questions; subjects / exam-owned tables; no supporting implementation found","No connected implementation found.","No supporting route/service/storage/UI workflow found.","Target workflow is unavailable.","Extend existing bank with versioned metadata/moderation and validated import/export; retain current IDs.","MEDIUM"
"2 Question bank","Question versioning","MISSING","E04: Question-bank source and import test; both runtime probe artifacts / E20: Filename + concept search and connected path inspection","app/Http/Controllers/OnlineExamController.php:376-451,813-1015; app/Models/QuestionBank.php; resources/views/admin/online_exam/{question_bank,bank_modal,questions}.blade.php; resources/views/teacher/online_exam/question_bank.blade.php / docs/online-exams-audit/{core-search-files,concept-search-files}.txt; app/Http/Controllers/OnlineExamController.php; app/Models/OnlineExam*.php; routes/web.php; app/Console/Kernel.php","question_banks; online_exam_questions; subjects / exam-owned tables; no supporting implementation found","No connected implementation found.","No supporting route/service/storage/UI workflow found.","Target workflow is unavailable.","Extend existing bank with versioned metadata/moderation and validated import/export; retain current IDs.","MEDIUM"
"2 Question bank","Bulk file import","MISSING","E04: Question-bank source and import test; both runtime probe artifacts / E20: Filename + concept search and connected path inspection","app/Http/Controllers/OnlineExamController.php:376-451,813-1015; app/Models/QuestionBank.php; resources/views/admin/online_exam/{question_bank,bank_modal,questions}.blade.php; resources/views/teacher/online_exam/question_bank.blade.php / docs/online-exams-audit/{core-search-files,concept-search-files}.txt; app/Http/Controllers/OnlineExamController.php; app/Models/OnlineExam*.php; routes/web.php; app/Console/Kernel.php","question_banks; online_exam_questions; subjects / exam-owned tables; no supporting implementation found","No connected implementation found.","No supporting route/service/storage/UI workflow found.","Target workflow is unavailable.","Extend existing bank with versioned metadata/moderation and validated import/export; retain current IDs.","MEDIUM"
"2 Question bank","Question export","MISSING","E04: Question-bank source and import test; both runtime probe artifacts / E20: Filename + concept search and connected path inspection","app/Http/Controllers/OnlineExamController.php:376-451,813-1015; app/Models/QuestionBank.php; resources/views/admin/online_exam/{question_bank,bank_modal,questions}.blade.php; resources/views/teacher/online_exam/question_bank.blade.php / docs/online-exams-audit/{core-search-files,concept-search-files}.txt; app/Http/Controllers/OnlineExamController.php; app/Models/OnlineExam*.php; routes/web.php; app/Console/Kernel.php","question_banks; online_exam_questions; subjects / exam-owned tables; no supporting implementation found","No connected implementation found.","No supporting route/service/storage/UI workflow found.","Target workflow is unavailable.","Extend existing bank with versioned metadata/moderation and validated import/export; retain current IDs.","MEDIUM"
"2 Question bank","Duplicate detection","MISSING","E04: Question-bank source and import test; both runtime probe artifacts / E20: Filename + concept search and connected path inspection","app/Http/Controllers/OnlineExamController.php:376-451,813-1015; app/Models/QuestionBank.php; resources/views/admin/online_exam/{question_bank,bank_modal,questions}.blade.php; resources/views/teacher/online_exam/question_bank.blade.php / docs/online-exams-audit/{core-search-files,concept-search-files}.txt; app/Http/Controllers/OnlineExamController.php; app/Models/OnlineExam*.php; routes/web.php; app/Console/Kernel.php","question_banks; online_exam_questions; subjects / exam-owned tables; no supporting implementation found","No connected implementation found.","No supporting route/service/storage/UI workflow found.","Target workflow is unavailable.","Extend existing bank with versioned metadata/moderation and validated import/export; retain current IDs.","MEDIUM"
"2 Question bank","Question analytics","MISSING","E04: Question-bank source and import test; both runtime probe artifacts / E20: Filename + concept search and connected path inspection","app/Http/Controllers/OnlineExamController.php:376-451,813-1015; app/Models/QuestionBank.php; resources/views/admin/online_exam/{question_bank,bank_modal,questions}.blade.php; resources/views/teacher/online_exam/question_bank.blade.php / docs/online-exams-audit/{core-search-files,concept-search-files}.txt; app/Http/Controllers/OnlineExamController.php; app/Models/OnlineExam*.php; routes/web.php; app/Console/Kernel.php","question_banks; online_exam_questions; subjects / exam-owned tables; no supporting implementation found","No connected implementation found.","No supporting route/service/storage/UI workflow found.","Target workflow is unavailable.","Extend existing bank with versioned metadata/moderation and validated import/export; retain current IDs.","MEDIUM"
"2 Question bank","Import selected bank questions into exam","PARTIAL","E03: Teacher workflow source; TeacherOnlineExamTest; runtime-probes.json / E04: Question-bank source and import test; both runtime probe artifacts","app/Http/Controllers/OnlineExamController.php:455-1138,1816-1850; resources/views/teacher/online_exam/; app/Http/Requests/OnlineExam/UpdateOnlineExamRequest.php:23 / app/Http/Controllers/OnlineExamController.php:376-451,813-1015; app/Models/QuestionBank.php; resources/views/admin/online_exam/{question_bank,bank_modal,questions}.blade.php; resources/views/teacher/online_exam/question_bank.blade.php","online_exams; online_exam_questions; teacher_permissions; teacher_programme_assignments; subjects / question_banks; online_exam_questions; subjects","Teacher import snapshots selected visible rows; existing test passes.","Admin has no import path; subject mismatch/duplicate selection semantics not enforced; first 150 picker rows.","Invalid/repeated content and incomplete bank access.","Shared validated import service with source-version/subject checks and search.","HIGH"
"3 Question types","Single-answer MCQ","PARTIAL","E05: Question type/form/validator/grading inspection; live-schema.json; T/F runtime probe / E18: 49 tests / 113 assertions passed; browser/concurrency coverage absent","app/Models/{OnlineExamQuestion,QuestionBank}.php; app/Http/Requests/OnlineExam/{Store,Update}OnlineExamQuestionRequest.php; app/Http/Controllers/OnlineExamController.php:1695-1814; resources/views/{admin,teacher,student}/online_exam/ / tests/Feature/{OnlineExamAuthorizationTest,OnlineExamPermissionTest,OnlineExamControllerSecurityTest,TeacherOnlineExamTest,OnlineExamRemindersTest,OnlineExamStudentAttemptTest,OnlineExamStudentFrontendTest}.php; docs/online-exams-audit/existing-tests.txt","question_banks; online_exam_questions; online_exam_answers / isolated SQLite fixtures; no live exam data","Four option slots, radio answer, normalized exact-option automatic scoring.","Key need not reference an existing option; maximum/fractional marks mismatch.","Impossible keys or wrong scores.","Typed option/key validation and storage parity.","HIGH"
"3 Question types","True/false","BROKEN","E05: Question type/form/validator/grading inspection; live-schema.json; T/F runtime probe","app/Models/{OnlineExamQuestion,QuestionBank}.php; app/Http/Requests/OnlineExam/{Store,Update}OnlineExamQuestionRequest.php; app/Http/Controllers/OnlineExamController.php:1695-1814; resources/views/{admin,teacher,student}/online_exam/","question_banks; online_exam_questions; online_exam_answers","Delivery/scoring supports true/false.","Admin form persists hidden MCQ key a instead of chosen true/false; reproduced.","Correct candidate answer marked wrong.","One canonical key input; end-to-end form grading test.","CRITICAL"
"3 Question types","Short answer","PARTIAL","E05: Question type/form/validator/grading inspection; live-schema.json; T/F runtime probe / E09: Marking/finalization trace; both runtime probe artifacts","app/Models/{OnlineExamQuestion,QuestionBank}.php; app/Http/Requests/OnlineExam/{Store,Update}OnlineExamQuestionRequest.php; app/Http/Controllers/OnlineExamController.php:1695-1814; resources/views/{admin,teacher,student}/online_exam/ / app/Http/Controllers/OnlineExamController.php:1046-1138,1548-1588,1604-1814; app/Http/Requests/OnlineExam/{SubmitOnlineExamRequest,ManualMarkAnswerRequest}.php; resources/views/student/online_exam/take.blade.php:144-149","question_banks; online_exam_questions; online_exam_answers / online_exam_submissions; online_exam_answers; online_exam_questions","Textarea save, manual bounded marks/comment and marker identity.","Shared submit/autosave defects; active marking and incomplete finalization allowed.","Lost or premature results.","Repair engine/marking transitions before expansion.","HIGH"
"3 Question types","Essay","PARTIAL","E05: Question type/form/validator/grading inspection; live-schema.json; T/F runtime probe / E09: Marking/finalization trace; both runtime probe artifacts","app/Models/{OnlineExamQuestion,QuestionBank}.php; app/Http/Requests/OnlineExam/{Store,Update}OnlineExamQuestionRequest.php; app/Http/Controllers/OnlineExamController.php:1695-1814; resources/views/{admin,teacher,student}/online_exam/ / app/Http/Controllers/OnlineExamController.php:1046-1138,1548-1588,1604-1814; app/Http/Requests/OnlineExam/{SubmitOnlineExamRequest,ManualMarkAnswerRequest}.php; resources/views/student/online_exam/take.blade.php:144-149","question_banks; online_exam_questions; online_exam_answers / online_exam_submissions; online_exam_answers; online_exam_questions","Textarea save, manual bounded marks/comment and marker identity.","Shared submit/autosave defects; active marking and incomplete finalization allowed.","Lost or premature results.","Repair engine/marking transitions before expansion.","HIGH"
"3 Question types","Fill blank","PARTIAL","E05: Question type/form/validator/grading inspection; live-schema.json; T/F runtime probe / E14: Live SHOW CREATE TABLE/SHOW INDEX inspection versus migrations/test schema","app/Models/{OnlineExamQuestion,QuestionBank}.php; app/Http/Requests/OnlineExam/{Store,Update}OnlineExamQuestionRequest.php; app/Http/Controllers/OnlineExamController.php:1695-1814; resources/views/{admin,teacher,student}/online_exam/ / docs/online-exams-audit/live-schema.json; database/migrations/*online_exam*.php; database/migrations/2026_07_02_125458_create_question_banks_table.php; tests/Feature/Support/OnlineExamTestHelper.php","question_banks; online_exam_questions; online_exam_answers / all seven exam/question-bank tables","Exam question enum and teacher form support one textarea; manual grading.","Bank enum lacks fill_blank; auto_grade flag unused; key width five.","Feature advertised more broadly than implemented.","Specify manual versus automatic mode and extend bank/schema additively.","HIGH"
"3 Question types","Multiple-response MCQ","MISSING","E05: Question type/form/validator/grading inspection; live-schema.json; T/F runtime probe / E20: Filename + concept search and connected path inspection","app/Models/{OnlineExamQuestion,QuestionBank}.php; app/Http/Requests/OnlineExam/{Store,Update}OnlineExamQuestionRequest.php; app/Http/Controllers/OnlineExamController.php:1695-1814; resources/views/{admin,teacher,student}/online_exam/ / docs/online-exams-audit/{core-search-files,concept-search-files}.txt; app/Http/Controllers/OnlineExamController.php; app/Models/OnlineExam*.php; routes/web.php; app/Console/Kernel.php","question_banks; online_exam_questions; online_exam_answers / exam-owned tables; no supporting implementation found","No connected implementation found.","No supporting route/service/storage/UI workflow found.","Target workflow is unavailable.","Add types incrementally through versioned schemas/renderers/graders; sandbox code/SQL outside core web process.","MEDIUM"
"3 Question types","Yes/no as a distinct type","MISSING","E05: Question type/form/validator/grading inspection; live-schema.json; T/F runtime probe / E20: Filename + concept search and connected path inspection","app/Models/{OnlineExamQuestion,QuestionBank}.php; app/Http/Requests/OnlineExam/{Store,Update}OnlineExamQuestionRequest.php; app/Http/Controllers/OnlineExamController.php:1695-1814; resources/views/{admin,teacher,student}/online_exam/ / docs/online-exams-audit/{core-search-files,concept-search-files}.txt; app/Http/Controllers/OnlineExamController.php; app/Models/OnlineExam*.php; routes/web.php; app/Console/Kernel.php","question_banks; online_exam_questions; online_exam_answers / exam-owned tables; no supporting implementation found","No connected implementation found.","No supporting route/service/storage/UI workflow found.","Target workflow is unavailable.","Add types incrementally through versioned schemas/renderers/graders; sandbox code/SQL outside core web process.","MEDIUM"
"3 Question types","Multiple blanks","MISSING","E05: Question type/form/validator/grading inspection; live-schema.json; T/F runtime probe / E20: Filename + concept search and connected path inspection","app/Models/{OnlineExamQuestion,QuestionBank}.php; app/Http/Requests/OnlineExam/{Store,Update}OnlineExamQuestionRequest.php; app/Http/Controllers/OnlineExamController.php:1695-1814; resources/views/{admin,teacher,student}/online_exam/ / docs/online-exams-audit/{core-search-files,concept-search-files}.txt; app/Http/Controllers/OnlineExamController.php; app/Models/OnlineExam*.php; routes/web.php; app/Console/Kernel.php","question_banks; online_exam_questions; online_exam_answers / exam-owned tables; no supporting implementation found","No connected implementation found.","No supporting route/service/storage/UI workflow found.","Target workflow is unavailable.","Add types incrementally through versioned schemas/renderers/graders; sandbox code/SQL outside core web process.","MEDIUM"
"3 Question types","Matching","MISSING","E05: Question type/form/validator/grading inspection; live-schema.json; T/F runtime probe / E20: Filename + concept search and connected path inspection","app/Models/{OnlineExamQuestion,QuestionBank}.php; app/Http/Requests/OnlineExam/{Store,Update}OnlineExamQuestionRequest.php; app/Http/Controllers/OnlineExamController.php:1695-1814; resources/views/{admin,teacher,student}/online_exam/ / docs/online-exams-audit/{core-search-files,concept-search-files}.txt; app/Http/Controllers/OnlineExamController.php; app/Models/OnlineExam*.php; routes/web.php; app/Console/Kernel.php","question_banks; online_exam_questions; online_exam_answers / exam-owned tables; no supporting implementation found","No connected implementation found.","No supporting route/service/storage/UI workflow found.","Target workflow is unavailable.","Add types incrementally through versioned schemas/renderers/graders; sandbox code/SQL outside core web process.","MEDIUM"
"3 Question types","Ordering","MISSING","E05: Question type/form/validator/grading inspection; live-schema.json; T/F runtime probe / E20: Filename + concept search and connected path inspection","app/Models/{OnlineExamQuestion,QuestionBank}.php; app/Http/Requests/OnlineExam/{Store,Update}OnlineExamQuestionRequest.php; app/Http/Controllers/OnlineExamController.php:1695-1814; resources/views/{admin,teacher,student}/online_exam/ / docs/online-exams-audit/{core-search-files,concept-search-files}.txt; app/Http/Controllers/OnlineExamController.php; app/Models/OnlineExam*.php; routes/web.php; app/Console/Kernel.php","question_banks; online_exam_questions; online_exam_answers / exam-owned tables; no supporting implementation found","No connected implementation found.","No supporting route/service/storage/UI workflow found.","Target workflow is unavailable.","Add types incrementally through versioned schemas/renderers/graders; sandbox code/SQL outside core web process.","MEDIUM"
"3 Question types","Categorization","MISSING","E05: Question type/form/validator/grading inspection; live-schema.json; T/F runtime probe / E20: Filename + concept search and connected path inspection","app/Models/{OnlineExamQuestion,QuestionBank}.php; app/Http/Requests/OnlineExam/{Store,Update}OnlineExamQuestionRequest.php; app/Http/Controllers/OnlineExamController.php:1695-1814; resources/views/{admin,teacher,student}/online_exam/ / docs/online-exams-audit/{core-search-files,concept-search-files}.txt; app/Http/Controllers/OnlineExamController.php; app/Models/OnlineExam*.php; routes/web.php; app/Console/Kernel.php","question_banks; online_exam_questions; online_exam_answers / exam-owned tables; no supporting implementation found","No connected implementation found.","No supporting route/service/storage/UI workflow found.","Target workflow is unavailable.","Add types incrementally through versioned schemas/renderers/graders; sandbox code/SQL outside core web process.","MEDIUM"
"3 Question types","Numerical","MISSING","E05: Question type/form/validator/grading inspection; live-schema.json; T/F runtime probe / E20: Filename + concept search and connected path inspection","app/Models/{OnlineExamQuestion,QuestionBank}.php; app/Http/Requests/OnlineExam/{Store,Update}OnlineExamQuestionRequest.php; app/Http/Controllers/OnlineExamController.php:1695-1814; resources/views/{admin,teacher,student}/online_exam/ / docs/online-exams-audit/{core-search-files,concept-search-files}.txt; app/Http/Controllers/OnlineExamController.php; app/Models/OnlineExam*.php; routes/web.php; app/Console/Kernel.php","question_banks; online_exam_questions; online_exam_answers / exam-owned tables; no supporting implementation found","No connected implementation found.","No supporting route/service/storage/UI workflow found.","Target workflow is unavailable.","Add types incrementally through versioned schemas/renderers/graders; sandbox code/SQL outside core web process.","MEDIUM"
"3 Question types","Calculated/formula","MISSING","E05: Question type/form/validator/grading inspection; live-schema.json; T/F runtime probe / E20: Filename + concept search and connected path inspection","app/Models/{OnlineExamQuestion,QuestionBank}.php; app/Http/Requests/OnlineExam/{Store,Update}OnlineExamQuestionRequest.php; app/Http/Controllers/OnlineExamController.php:1695-1814; resources/views/{admin,teacher,student}/online_exam/ / docs/online-exams-audit/{core-search-files,concept-search-files}.txt; app/Http/Controllers/OnlineExamController.php; app/Models/OnlineExam*.php; routes/web.php; app/Console/Kernel.php","question_banks; online_exam_questions; online_exam_answers / exam-owned tables; no supporting implementation found","No connected implementation found.","No supporting route/service/storage/UI workflow found.","Target workflow is unavailable.","Add types incrementally through versioned schemas/renderers/graders; sandbox code/SQL outside core web process.","MEDIUM"
"3 Question types","File upload","MISSING","E05: Question type/form/validator/grading inspection; live-schema.json; T/F runtime probe / E20: Filename + concept search and connected path inspection","app/Models/{OnlineExamQuestion,QuestionBank}.php; app/Http/Requests/OnlineExam/{Store,Update}OnlineExamQuestionRequest.php; app/Http/Controllers/OnlineExamController.php:1695-1814; resources/views/{admin,teacher,student}/online_exam/ / docs/online-exams-audit/{core-search-files,concept-search-files}.txt; app/Http/Controllers/OnlineExamController.php; app/Models/OnlineExam*.php; routes/web.php; app/Console/Kernel.php","question_banks; online_exam_questions; online_exam_answers / exam-owned tables; no supporting implementation found","No connected implementation found.","No supporting route/service/storage/UI workflow found.","Target workflow is unavailable.","Add types incrementally through versioned schemas/renderers/graders; sandbox code/SQL outside core web process.","MEDIUM"
"3 Question types","Audio response","MISSING","E05: Question type/form/validator/grading inspection; live-schema.json; T/F runtime probe / E20: Filename + concept search and connected path inspection","app/Models/{OnlineExamQuestion,QuestionBank}.php; app/Http/Requests/OnlineExam/{Store,Update}OnlineExamQuestionRequest.php; app/Http/Controllers/OnlineExamController.php:1695-1814; resources/views/{admin,teacher,student}/online_exam/ / docs/online-exams-audit/{core-search-files,concept-search-files}.txt; app/Http/Controllers/OnlineExamController.php; app/Models/OnlineExam*.php; routes/web.php; app/Console/Kernel.php","question_banks; online_exam_questions; online_exam_answers / exam-owned tables; no supporting implementation found","No connected implementation found.","No supporting route/service/storage/UI workflow found.","Target workflow is unavailable.","Add types incrementally through versioned schemas/renderers/graders; sandbox code/SQL outside core web process.","MEDIUM"
"3 Question types","Video response","MISSING","E05: Question type/form/validator/grading inspection; live-schema.json; T/F runtime probe / E20: Filename + concept search and connected path inspection","app/Models/{OnlineExamQuestion,QuestionBank}.php; app/Http/Requests/OnlineExam/{Store,Update}OnlineExamQuestionRequest.php; app/Http/Controllers/OnlineExamController.php:1695-1814; resources/views/{admin,teacher,student}/online_exam/ / docs/online-exams-audit/{core-search-files,concept-search-files}.txt; app/Http/Controllers/OnlineExamController.php; app/Models/OnlineExam*.php; routes/web.php; app/Console/Kernel.php","question_banks; online_exam_questions; online_exam_answers / exam-owned tables; no supporting implementation found","No connected implementation found.","No supporting route/service/storage/UI workflow found.","Target workflow is unavailable.","Add types incrementally through versioned schemas/renderers/graders; sandbox code/SQL outside core web process.","MEDIUM"
"3 Question types","Drawing","MISSING","E05: Question type/form/validator/grading inspection; live-schema.json; T/F runtime probe / E20: Filename + concept search and connected path inspection","app/Models/{OnlineExamQuestion,QuestionBank}.php; app/Http/Requests/OnlineExam/{Store,Update}OnlineExamQuestionRequest.php; app/Http/Controllers/OnlineExamController.php:1695-1814; resources/views/{admin,teacher,student}/online_exam/ / docs/online-exams-audit/{core-search-files,concept-search-files}.txt; app/Http/Controllers/OnlineExamController.php; app/Models/OnlineExam*.php; routes/web.php; app/Console/Kernel.php","question_banks; online_exam_questions; online_exam_answers / exam-owned tables; no supporting implementation found","No connected implementation found.","No supporting route/service/storage/UI workflow found.","Target workflow is unavailable.","Add types incrementally through versioned schemas/renderers/graders; sandbox code/SQL outside core web process.","MEDIUM"
"3 Question types","Hotspot","MISSING","E05: Question type/form/validator/grading inspection; live-schema.json; T/F runtime probe / E20: Filename + concept search and connected path inspection","app/Models/{OnlineExamQuestion,QuestionBank}.php; app/Http/Requests/OnlineExam/{Store,Update}OnlineExamQuestionRequest.php; app/Http/Controllers/OnlineExamController.php:1695-1814; resources/views/{admin,teacher,student}/online_exam/ / docs/online-exams-audit/{core-search-files,concept-search-files}.txt; app/Http/Controllers/OnlineExamController.php; app/Models/OnlineExam*.php; routes/web.php; app/Console/Kernel.php","question_banks; online_exam_questions; online_exam_answers / exam-owned tables; no supporting implementation found","No connected implementation found.","No supporting route/service/storage/UI workflow found.","Target workflow is unavailable.","Add types incrementally through versioned schemas/renderers/graders; sandbox code/SQL outside core web process.","MEDIUM"
"3 Question types","Drag/drop","MISSING","E05: Question type/form/validator/grading inspection; live-schema.json; T/F runtime probe / E20: Filename + concept search and connected path inspection","app/Models/{OnlineExamQuestion,QuestionBank}.php; app/Http/Requests/OnlineExam/{Store,Update}OnlineExamQuestionRequest.php; app/Http/Controllers/OnlineExamController.php:1695-1814; resources/views/{admin,teacher,student}/online_exam/ / docs/online-exams-audit/{core-search-files,concept-search-files}.txt; app/Http/Controllers/OnlineExamController.php; app/Models/OnlineExam*.php; routes/web.php; app/Console/Kernel.php","question_banks; online_exam_questions; online_exam_answers / exam-owned tables; no supporting implementation found","No connected implementation found.","No supporting route/service/storage/UI workflow found.","Target workflow is unavailable.","Add types incrementally through versioned schemas/renderers/graders; sandbox code/SQL outside core web process.","MEDIUM"
"3 Question types","Mathematical-expression response","MISSING","E05: Question type/form/validator/grading inspection; live-schema.json; T/F runtime probe / E20: Filename + concept search and connected path inspection","app/Models/{OnlineExamQuestion,QuestionBank}.php; app/Http/Requests/OnlineExam/{Store,Update}OnlineExamQuestionRequest.php; app/Http/Controllers/OnlineExamController.php:1695-1814; resources/views/{admin,teacher,student}/online_exam/ / docs/online-exams-audit/{core-search-files,concept-search-files}.txt; app/Http/Controllers/OnlineExamController.php; app/Models/OnlineExam*.php; routes/web.php; app/Console/Kernel.php","question_banks; online_exam_questions; online_exam_answers / exam-owned tables; no supporting implementation found","No connected implementation found.","No supporting route/service/storage/UI workflow found.","Target workflow is unavailable.","Add types incrementally through versioned schemas/renderers/graders; sandbox code/SQL outside core web process.","MEDIUM"
"3 Question types","Programming/code","MISSING","E05: Question type/form/validator/grading inspection; live-schema.json; T/F runtime probe / E20: Filename + concept search and connected path inspection","app/Models/{OnlineExamQuestion,QuestionBank}.php; app/Http/Requests/OnlineExam/{Store,Update}OnlineExamQuestionRequest.php; app/Http/Controllers/OnlineExamController.php:1695-1814; resources/views/{admin,teacher,student}/online_exam/ / docs/online-exams-audit/{core-search-files,concept-search-files}.txt; app/Http/Controllers/OnlineExamController.php; app/Models/OnlineExam*.php; routes/web.php; app/Console/Kernel.php","question_banks; online_exam_questions; online_exam_answers / exam-owned tables; no supporting implementation found","No connected implementation found.","No supporting route/service/storage/UI workflow found.","Target workflow is unavailable.","Add types incrementally through versioned schemas/renderers/graders; sandbox code/SQL outside core web process.","MEDIUM"
"3 Question types","SQL","MISSING","E05: Question type/form/validator/grading inspection; live-schema.json; T/F runtime probe / E20: Filename + concept search and connected path inspection","app/Models/{OnlineExamQuestion,QuestionBank}.php; app/Http/Requests/OnlineExam/{Store,Update}OnlineExamQuestionRequest.php; app/Http/Controllers/OnlineExamController.php:1695-1814; resources/views/{admin,teacher,student}/online_exam/ / docs/online-exams-audit/{core-search-files,concept-search-files}.txt; app/Http/Controllers/OnlineExamController.php; app/Models/OnlineExam*.php; routes/web.php; app/Console/Kernel.php","question_banks; online_exam_questions; online_exam_answers / exam-owned tables; no supporting implementation found","No connected implementation found.","No supporting route/service/storage/UI workflow found.","Target workflow is unavailable.","Add types incrementally through versioned schemas/renderers/graders; sandbox code/SQL outside core web process.","MEDIUM"
"3 Question types","Case study","MISSING","E05: Question type/form/validator/grading inspection; live-schema.json; T/F runtime probe / E20: Filename + concept search and connected path inspection","app/Models/{OnlineExamQuestion,QuestionBank}.php; app/Http/Requests/OnlineExam/{Store,Update}OnlineExamQuestionRequest.php; app/Http/Controllers/OnlineExamController.php:1695-1814; resources/views/{admin,teacher,student}/online_exam/ / docs/online-exams-audit/{core-search-files,concept-search-files}.txt; app/Http/Controllers/OnlineExamController.php; app/Models/OnlineExam*.php; routes/web.php; app/Console/Kernel.php","question_banks; online_exam_questions; online_exam_answers / exam-owned tables; no supporting implementation found","No connected implementation found.","No supporting route/service/storage/UI workflow found.","Target workflow is unavailable.","Add types incrementally through versioned schemas/renderers/graders; sandbox code/SQL outside core web process.","MEDIUM"
"3 Question types","Stimulus with linked questions","MISSING","E05: Question type/form/validator/grading inspection; live-schema.json; T/F runtime probe / E20: Filename + concept search and connected path inspection","app/Models/{OnlineExamQuestion,QuestionBank}.php; app/Http/Requests/OnlineExam/{Store,Update}OnlineExamQuestionRequest.php; app/Http/Controllers/OnlineExamController.php:1695-1814; resources/views/{admin,teacher,student}/online_exam/ / docs/online-exams-audit/{core-search-files,concept-search-files}.txt; app/Http/Controllers/OnlineExamController.php; app/Models/OnlineExam*.php; routes/web.php; app/Console/Kernel.php","question_banks; online_exam_questions; online_exam_answers / exam-owned tables; no supporting implementation found","No connected implementation found.","No supporting route/service/storage/UI workflow found.","Target workflow is unavailable.","Add types incrementally through versioned schemas/renderers/graders; sandbox code/SQL outside core web process.","MEDIUM"
"3 Question types","Rich text","MISSING","E05: Question type/form/validator/grading inspection; live-schema.json; T/F runtime probe / E19: Markup and browser-script inspection; no assistive-technology session run","app/Models/{OnlineExamQuestion,QuestionBank}.php; app/Http/Requests/OnlineExam/{Store,Update}OnlineExamQuestionRequest.php; app/Http/Controllers/OnlineExamController.php:1695-1814; resources/views/{admin,teacher,student}/online_exam/ / resources/views/student/online_exam/{instructions,take,result,list}.blade.php; resources/views/teacher/online_exam/question_form.blade.php; resources/views/admin/online_exam/modal.blade.php","question_banks; online_exam_questions; online_exam_answers / online_exams; online_exam_questions; online_exam_submissions","No connected implementation found.","No supporting route/service/storage/UI workflow found.","Target workflow is unavailable.","Introduce sanitized accessible content/media support and private upload policies; do not render arbitrary stored HTML.","MEDIUM"
"3 Question types","Question images","MISSING","E05: Question type/form/validator/grading inspection; live-schema.json; T/F runtime probe / E19: Markup and browser-script inspection; no assistive-technology session run","app/Models/{OnlineExamQuestion,QuestionBank}.php; app/Http/Requests/OnlineExam/{Store,Update}OnlineExamQuestionRequest.php; app/Http/Controllers/OnlineExamController.php:1695-1814; resources/views/{admin,teacher,student}/online_exam/ / resources/views/student/online_exam/{instructions,take,result,list}.blade.php; resources/views/teacher/online_exam/question_form.blade.php; resources/views/admin/online_exam/modal.blade.php","question_banks; online_exam_questions; online_exam_answers / online_exams; online_exam_questions; online_exam_submissions","No connected implementation found.","No supporting route/service/storage/UI workflow found.","Target workflow is unavailable.","Introduce sanitized accessible content/media support and private upload policies; do not render arbitrary stored HTML.","MEDIUM"
"3 Question types","Question tables","MISSING","E05: Question type/form/validator/grading inspection; live-schema.json; T/F runtime probe / E19: Markup and browser-script inspection; no assistive-technology session run","app/Models/{OnlineExamQuestion,QuestionBank}.php; app/Http/Requests/OnlineExam/{Store,Update}OnlineExamQuestionRequest.php; app/Http/Controllers/OnlineExamController.php:1695-1814; resources/views/{admin,teacher,student}/online_exam/ / resources/views/student/online_exam/{instructions,take,result,list}.blade.php; resources/views/teacher/online_exam/question_form.blade.php; resources/views/admin/online_exam/modal.blade.php","question_banks; online_exam_questions; online_exam_answers / online_exams; online_exam_questions; online_exam_submissions","No connected implementation found.","No supporting route/service/storage/UI workflow found.","Target workflow is unavailable.","Introduce sanitized accessible content/media support and private upload policies; do not render arbitrary stored HTML.","MEDIUM"
"3 Question types","Equations","MISSING","E05: Question type/form/validator/grading inspection; live-schema.json; T/F runtime probe / E19: Markup and browser-script inspection; no assistive-technology session run","app/Models/{OnlineExamQuestion,QuestionBank}.php; app/Http/Requests/OnlineExam/{Store,Update}OnlineExamQuestionRequest.php; app/Http/Controllers/OnlineExamController.php:1695-1814; resources/views/{admin,teacher,student}/online_exam/ / resources/views/student/online_exam/{instructions,take,result,list}.blade.php; resources/views/teacher/online_exam/question_form.blade.php; resources/views/admin/online_exam/modal.blade.php","question_banks; online_exam_questions; online_exam_answers / online_exams; online_exam_questions; online_exam_submissions","No connected implementation found.","No supporting route/service/storage/UI workflow found.","Target workflow is unavailable.","Introduce sanitized accessible content/media support and private upload policies; do not render arbitrary stored HTML.","MEDIUM"
"3 Question types","LaTeX","MISSING","E05: Question type/form/validator/grading inspection; live-schema.json; T/F runtime probe / E19: Markup and browser-script inspection; no assistive-technology session run","app/Models/{OnlineExamQuestion,QuestionBank}.php; app/Http/Requests/OnlineExam/{Store,Update}OnlineExamQuestionRequest.php; app/Http/Controllers/OnlineExamController.php:1695-1814; resources/views/{admin,teacher,student}/online_exam/ / resources/views/student/online_exam/{instructions,take,result,list}.blade.php; resources/views/teacher/online_exam/question_form.blade.php; resources/views/admin/online_exam/modal.blade.php","question_banks; online_exam_questions; online_exam_answers / online_exams; online_exam_questions; online_exam_submissions","No connected implementation found.","No supporting route/service/storage/UI workflow found.","Target workflow is unavailable.","Introduce sanitized accessible content/media support and private upload policies; do not render arbitrary stored HTML.","MEDIUM"
"3 Question types","Embedded media","MISSING","E05: Question type/form/validator/grading inspection; live-schema.json; T/F runtime probe / E19: Markup and browser-script inspection; no assistive-technology session run","app/Models/{OnlineExamQuestion,QuestionBank}.php; app/Http/Requests/OnlineExam/{Store,Update}OnlineExamQuestionRequest.php; app/Http/Controllers/OnlineExamController.php:1695-1814; resources/views/{admin,teacher,student}/online_exam/ / resources/views/student/online_exam/{instructions,take,result,list}.blade.php; resources/views/teacher/online_exam/question_form.blade.php; resources/views/admin/online_exam/modal.blade.php","question_banks; online_exam_questions; online_exam_answers / online_exams; online_exam_questions; online_exam_submissions","No connected implementation found.","No supporting route/service/storage/UI workflow found.","Target workflow is unavailable.","Introduce sanitized accessible content/media support and private upload policies; do not render arbitrary stored HTML.","MEDIUM"
"3 Question types","Partial credit","PARTIAL","E05: Question type/form/validator/grading inspection; live-schema.json; T/F runtime probe / E09: Marking/finalization trace; both runtime probe artifacts","app/Models/{OnlineExamQuestion,QuestionBank}.php; app/Http/Requests/OnlineExam/{Store,Update}OnlineExamQuestionRequest.php; app/Http/Controllers/OnlineExamController.php:1695-1814; resources/views/{admin,teacher,student}/online_exam/ / app/Http/Controllers/OnlineExamController.php:1046-1138,1548-1588,1604-1814; app/Http/Requests/OnlineExam/{SubmitOnlineExamRequest,ManualMarkAnswerRequest}.php; resources/views/student/online_exam/take.blade.php:144-149","question_banks; online_exam_questions; online_exam_answers / online_exam_submissions; online_exam_answers; online_exam_questions","Manual answer awarded_marks allows decimals bounded by integer question marks.","No automatic partial credit or rubrics; question max fractional precision is lost.","Inconsistent marking.","Decimal question maxima plus explicit typed partial-credit rules.","HIGH"
"3 Question types","Negative marking","MISSING","E05: Question type/form/validator/grading inspection; live-schema.json; T/F runtime probe / E20: Filename + concept search and connected path inspection","app/Models/{OnlineExamQuestion,QuestionBank}.php; app/Http/Requests/OnlineExam/{Store,Update}OnlineExamQuestionRequest.php; app/Http/Controllers/OnlineExamController.php:1695-1814; resources/views/{admin,teacher,student}/online_exam/ / docs/online-exams-audit/{core-search-files,concept-search-files}.txt; app/Http/Controllers/OnlineExamController.php; app/Models/OnlineExam*.php; routes/web.php; app/Console/Kernel.php","question_banks; online_exam_questions; online_exam_answers / exam-owned tables; no supporting implementation found","No connected implementation found.","No supporting route/service/storage/UI workflow found.","Target workflow is unavailable.","Persist versioned grading rules and test scoring bounds/rounding before release.","MEDIUM"
"3 Question types","Multiple accepted answers","MISSING","E05: Question type/form/validator/grading inspection; live-schema.json; T/F runtime probe / E20: Filename + concept search and connected path inspection","app/Models/{OnlineExamQuestion,QuestionBank}.php; app/Http/Requests/OnlineExam/{Store,Update}OnlineExamQuestionRequest.php; app/Http/Controllers/OnlineExamController.php:1695-1814; resources/views/{admin,teacher,student}/online_exam/ / docs/online-exams-audit/{core-search-files,concept-search-files}.txt; app/Http/Controllers/OnlineExamController.php; app/Models/OnlineExam*.php; routes/web.php; app/Console/Kernel.php","question_banks; online_exam_questions; online_exam_answers / exam-owned tables; no supporting implementation found","No connected implementation found.","No supporting route/service/storage/UI workflow found.","Target workflow is unavailable.","Persist versioned grading rules and test scoring bounds/rounding before release.","MEDIUM"
"3 Question types","Numerical tolerance","MISSING","E05: Question type/form/validator/grading inspection; live-schema.json; T/F runtime probe / E20: Filename + concept search and connected path inspection","app/Models/{OnlineExamQuestion,QuestionBank}.php; app/Http/Requests/OnlineExam/{Store,Update}OnlineExamQuestionRequest.php; app/Http/Controllers/OnlineExamController.php:1695-1814; resources/views/{admin,teacher,student}/online_exam/ / docs/online-exams-audit/{core-search-files,concept-search-files}.txt; app/Http/Controllers/OnlineExamController.php; app/Models/OnlineExam*.php; routes/web.php; app/Console/Kernel.php","question_banks; online_exam_questions; online_exam_answers / exam-owned tables; no supporting implementation found","No connected implementation found.","No supporting route/service/storage/UI workflow found.","Target workflow is unavailable.","Persist versioned grading rules and test scoring bounds/rounding before release.","MEDIUM"
"3 Question types","Feedback","PARTIAL","E09: Marking/finalization trace; both runtime probe artifacts / E12: Result visibility and presentation source; premature-result/finalize probes","app/Http/Controllers/OnlineExamController.php:1046-1138,1548-1588,1604-1814; app/Http/Requests/OnlineExam/{SubmitOnlineExamRequest,ManualMarkAnswerRequest}.php; resources/views/student/online_exam/take.blade.php:144-149 / app/Models/OnlineExam.php:isResultVisibleFor; app/Models/OnlineExamSubmission.php; app/Http/Controllers/OnlineExamController.php:1569-1693; resources/views/{student,admin,teacher}/online_exam/results.blade.php (student uses result.blade.php)","online_exam_submissions; online_exam_answers; online_exam_questions / online_exam_submissions; online_exam_answers; online_exams","teacher_comment stored and shown to staff.","Student result is score-only; no answer-level feedback delivery/release options.","Candidate cannot understand marking.","Publish feedback under explicit result-visibility policy.","MEDIUM"
"4 Exam generation","Fixed questions","IMPLEMENTED","E04: Question-bank source and import test; both runtime probe artifacts / E06: Delivery/eligibility source; OnlineExamStudentFrontendTest and StudentAttemptTest","app/Http/Controllers/OnlineExamController.php:376-451,813-1015; app/Models/QuestionBank.php; resources/views/admin/online_exam/{question_bank,bank_modal,questions}.blade.php; resources/views/teacher/online_exam/question_bank.blade.php / app/Http/Controllers/OnlineExamController.php:1141-1454,1924-1945; app/Models/{OnlineExam,OnlineExamSubmission}.php; resources/views/student/online_exam/{instructions,list,take}.blade.php","question_banks; online_exam_questions; subjects / online_exams; online_exam_questions; online_exam_submissions; enrollment; users","Exam-owned question set is delivered; bank import snapshot test passes.","Overall exam engine still has shared workflow defects.","Current fixed papers need preservation.","Keep fixed-paper support and add immutable attempt manifest.","LOW"
"4 Exam generation","Question shuffling","IMPLEMENTED","E06: Delivery/eligibility source; OnlineExamStudentFrontendTest and StudentAttemptTest / E18: 49 tests / 113 assertions passed; browser/concurrency coverage absent","app/Http/Controllers/OnlineExamController.php:1141-1454,1924-1945; app/Models/{OnlineExam,OnlineExamSubmission}.php; resources/views/student/online_exam/{instructions,list,take}.blade.php / tests/Feature/{OnlineExamAuthorizationTest,OnlineExamPermissionTest,OnlineExamControllerSecurityTest,TeacherOnlineExamTest,OnlineExamRemindersTest,OnlineExamStudentAttemptTest,OnlineExamStudentFrontendTest}.php; docs/online-exams-audit/existing-tests.txt","online_exams; online_exam_questions; online_exam_submissions; enrollment; users / isolated SQLite fixtures; no live exam data","CRC32 ordering keyed by attempt/question/option stays stable on refresh; true option keys preserved.","Not cryptographic unpredictability or a frozen content snapshot.","Stable order alone cannot prove past paper content.","Preserve behavior and record actual order in attempt snapshot.","MEDIUM"
"4 Exam generation","Answer shuffling","IMPLEMENTED","E06: Delivery/eligibility source; OnlineExamStudentFrontendTest and StudentAttemptTest / E18: 49 tests / 113 assertions passed; browser/concurrency coverage absent","app/Http/Controllers/OnlineExamController.php:1141-1454,1924-1945; app/Models/{OnlineExam,OnlineExamSubmission}.php; resources/views/student/online_exam/{instructions,list,take}.blade.php / tests/Feature/{OnlineExamAuthorizationTest,OnlineExamPermissionTest,OnlineExamControllerSecurityTest,TeacherOnlineExamTest,OnlineExamRemindersTest,OnlineExamStudentAttemptTest,OnlineExamStudentFrontendTest}.php; docs/online-exams-audit/existing-tests.txt","online_exams; online_exam_questions; online_exam_submissions; enrollment; users / isolated SQLite fixtures; no live exam data","CRC32 ordering keyed by attempt/question/option stays stable on refresh; true option keys preserved.","Not cryptographic unpredictability or a frozen content snapshot.","Stable order alone cannot prove past paper content.","Preserve behavior and record actual order in attempt snapshot.","MEDIUM"
"4 Exam generation","Candidate-specific papers","PARTIAL","E06: Delivery/eligibility source; OnlineExamStudentFrontendTest and StudentAttemptTest / E14: Live SHOW CREATE TABLE/SHOW INDEX inspection versus migrations/test schema","app/Http/Controllers/OnlineExamController.php:1141-1454,1924-1945; app/Models/{OnlineExam,OnlineExamSubmission}.php; resources/views/student/online_exam/{instructions,list,take}.blade.php / docs/online-exams-audit/live-schema.json; database/migrations/*online_exam*.php; database/migrations/2026_07_02_125458_create_question_banks_table.php; tests/Feature/Support/OnlineExamTestHelper.php","online_exams; online_exam_questions; online_exam_submissions; enrollment; users / all seven exam/question-bank tables","Per-attempt stable order for the same live question set.","No frozen question/key/rule versions; no candidate-specific selection; repair/race can change content.","Appeal/audit cannot reconstruct exact delivered paper reliably.","Persist immutable per-attempt question content/order/rule versions.","HIGH"
"4 Exam generation","Reproducible candidate paper","PARTIAL","E06: Delivery/eligibility source; OnlineExamStudentFrontendTest and StudentAttemptTest / E14: Live SHOW CREATE TABLE/SHOW INDEX inspection versus migrations/test schema","app/Http/Controllers/OnlineExamController.php:1141-1454,1924-1945; app/Models/{OnlineExam,OnlineExamSubmission}.php; resources/views/student/online_exam/{instructions,list,take}.blade.php / docs/online-exams-audit/live-schema.json; database/migrations/*online_exam*.php; database/migrations/2026_07_02_125458_create_question_banks_table.php; tests/Feature/Support/OnlineExamTestHelper.php","online_exams; online_exam_questions; online_exam_submissions; enrollment; users / all seven exam/question-bank tables","Per-attempt stable order for the same live question set.","No frozen question/key/rule versions; no candidate-specific selection; repair/race can change content.","Appeal/audit cannot reconstruct exact delivered paper reliably.","Persist immutable per-attempt question content/order/rule versions.","HIGH"
"4 Exam generation","Random question selection","MISSING","E04: Question-bank source and import test; both runtime probe artifacts / E06: Delivery/eligibility source; OnlineExamStudentFrontendTest and StudentAttemptTest / E20: Filename + concept search and connected path inspection","app/Http/Controllers/OnlineExamController.php:376-451,813-1015; app/Models/QuestionBank.php; resources/views/admin/online_exam/{question_bank,bank_modal,questions}.blade.php; resources/views/teacher/online_exam/question_bank.blade.php / app/Http/Controllers/OnlineExamController.php:1141-1454,1924-1945; app/Models/{OnlineExam,OnlineExamSubmission}.php; resources/views/student/online_exam/{instructions,list,take}.blade.php / docs/online-exams-audit/{core-search-files,concept-search-files}.txt; app/Http/Controllers/OnlineExamController.php; app/Models/OnlineExam*.php; routes/web.php; app/Console/Kernel.php","question_banks; online_exam_questions; subjects / online_exams; online_exam_questions; online_exam_submissions; enrollment; users / exam-owned tables; no supporting implementation found","No connected implementation found.","No supporting route/service/storage/UI workflow found.","Target workflow is unavailable.","Build generator over versioned bank; persist selected IDs/versions/order/seed for each candidate.","MEDIUM"
"4 Exam generation","Question pools","MISSING","E04: Question-bank source and import test; both runtime probe artifacts / E06: Delivery/eligibility source; OnlineExamStudentFrontendTest and StudentAttemptTest / E20: Filename + concept search and connected path inspection","app/Http/Controllers/OnlineExamController.php:376-451,813-1015; app/Models/QuestionBank.php; resources/views/admin/online_exam/{question_bank,bank_modal,questions}.blade.php; resources/views/teacher/online_exam/question_bank.blade.php / app/Http/Controllers/OnlineExamController.php:1141-1454,1924-1945; app/Models/{OnlineExam,OnlineExamSubmission}.php; resources/views/student/online_exam/{instructions,list,take}.blade.php / docs/online-exams-audit/{core-search-files,concept-search-files}.txt; app/Http/Controllers/OnlineExamController.php; app/Models/OnlineExam*.php; routes/web.php; app/Console/Kernel.php","question_banks; online_exam_questions; subjects / online_exams; online_exam_questions; online_exam_submissions; enrollment; users / exam-owned tables; no supporting implementation found","No connected implementation found.","No supporting route/service/storage/UI workflow found.","Target workflow is unavailable.","Build generator over versioned bank; persist selected IDs/versions/order/seed for each candidate.","MEDIUM"
"4 Exam generation","Random by topic","MISSING","E04: Question-bank source and import test; both runtime probe artifacts / E06: Delivery/eligibility source; OnlineExamStudentFrontendTest and StudentAttemptTest / E20: Filename + concept search and connected path inspection","app/Http/Controllers/OnlineExamController.php:376-451,813-1015; app/Models/QuestionBank.php; resources/views/admin/online_exam/{question_bank,bank_modal,questions}.blade.php; resources/views/teacher/online_exam/question_bank.blade.php / app/Http/Controllers/OnlineExamController.php:1141-1454,1924-1945; app/Models/{OnlineExam,OnlineExamSubmission}.php; resources/views/student/online_exam/{instructions,list,take}.blade.php / docs/online-exams-audit/{core-search-files,concept-search-files}.txt; app/Http/Controllers/OnlineExamController.php; app/Models/OnlineExam*.php; routes/web.php; app/Console/Kernel.php","question_banks; online_exam_questions; subjects / online_exams; online_exam_questions; online_exam_submissions; enrollment; users / exam-owned tables; no supporting implementation found","No connected implementation found.","No supporting route/service/storage/UI workflow found.","Target workflow is unavailable.","Build generator over versioned bank; persist selected IDs/versions/order/seed for each candidate.","MEDIUM"
"4 Exam generation","Random by difficulty","MISSING","E04: Question-bank source and import test; both runtime probe artifacts / E06: Delivery/eligibility source; OnlineExamStudentFrontendTest and StudentAttemptTest / E20: Filename + concept search and connected path inspection","app/Http/Controllers/OnlineExamController.php:376-451,813-1015; app/Models/QuestionBank.php; resources/views/admin/online_exam/{question_bank,bank_modal,questions}.blade.php; resources/views/teacher/online_exam/question_bank.blade.php / app/Http/Controllers/OnlineExamController.php:1141-1454,1924-1945; app/Models/{OnlineExam,OnlineExamSubmission}.php; resources/views/student/online_exam/{instructions,list,take}.blade.php / docs/online-exams-audit/{core-search-files,concept-search-files}.txt; app/Http/Controllers/OnlineExamController.php; app/Models/OnlineExam*.php; routes/web.php; app/Console/Kernel.php","question_banks; online_exam_questions; subjects / online_exams; online_exam_questions; online_exam_submissions; enrollment; users / exam-owned tables; no supporting implementation found","No connected implementation found.","No supporting route/service/storage/UI workflow found.","Target workflow is unavailable.","Build generator over versioned bank; persist selected IDs/versions/order/seed for each candidate.","MEDIUM"
"4 Exam generation","Random by outcome","MISSING","E04: Question-bank source and import test; both runtime probe artifacts / E06: Delivery/eligibility source; OnlineExamStudentFrontendTest and StudentAttemptTest / E20: Filename + concept search and connected path inspection","app/Http/Controllers/OnlineExamController.php:376-451,813-1015; app/Models/QuestionBank.php; resources/views/admin/online_exam/{question_bank,bank_modal,questions}.blade.php; resources/views/teacher/online_exam/question_bank.blade.php / app/Http/Controllers/OnlineExamController.php:1141-1454,1924-1945; app/Models/{OnlineExam,OnlineExamSubmission}.php; resources/views/student/online_exam/{instructions,list,take}.blade.php / docs/online-exams-audit/{core-search-files,concept-search-files}.txt; app/Http/Controllers/OnlineExamController.php; app/Models/OnlineExam*.php; routes/web.php; app/Console/Kernel.php","question_banks; online_exam_questions; subjects / online_exams; online_exam_questions; online_exam_submissions; enrollment; users / exam-owned tables; no supporting implementation found","No connected implementation found.","No supporting route/service/storage/UI workflow found.","Target workflow is unavailable.","Build generator over versioned bank; persist selected IDs/versions/order/seed for each candidate.","MEDIUM"
"4 Exam generation","Exam blueprints","MISSING","E04: Question-bank source and import test; both runtime probe artifacts / E06: Delivery/eligibility source; OnlineExamStudentFrontendTest and StudentAttemptTest / E20: Filename + concept search and connected path inspection","app/Http/Controllers/OnlineExamController.php:376-451,813-1015; app/Models/QuestionBank.php; resources/views/admin/online_exam/{question_bank,bank_modal,questions}.blade.php; resources/views/teacher/online_exam/question_bank.blade.php / app/Http/Controllers/OnlineExamController.php:1141-1454,1924-1945; app/Models/{OnlineExam,OnlineExamSubmission}.php; resources/views/student/online_exam/{instructions,list,take}.blade.php / docs/online-exams-audit/{core-search-files,concept-search-files}.txt; app/Http/Controllers/OnlineExamController.php; app/Models/OnlineExam*.php; routes/web.php; app/Console/Kernel.php","question_banks; online_exam_questions; subjects / online_exams; online_exam_questions; online_exam_submissions; enrollment; users / exam-owned tables; no supporting implementation found","No connected implementation found.","No supporting route/service/storage/UI workflow found.","Target workflow is unavailable.","Build generator over versioned bank; persist selected IDs/versions/order/seed for each candidate.","MEDIUM"
"4 Exam generation","Balanced random papers","MISSING","E04: Question-bank source and import test; both runtime probe artifacts / E06: Delivery/eligibility source; OnlineExamStudentFrontendTest and StudentAttemptTest / E20: Filename + concept search and connected path inspection","app/Http/Controllers/OnlineExamController.php:376-451,813-1015; app/Models/QuestionBank.php; resources/views/admin/online_exam/{question_bank,bank_modal,questions}.blade.php; resources/views/teacher/online_exam/question_bank.blade.php / app/Http/Controllers/OnlineExamController.php:1141-1454,1924-1945; app/Models/{OnlineExam,OnlineExamSubmission}.php; resources/views/student/online_exam/{instructions,list,take}.blade.php / docs/online-exams-audit/{core-search-files,concept-search-files}.txt; app/Http/Controllers/OnlineExamController.php; app/Models/OnlineExam*.php; routes/web.php; app/Console/Kernel.php","question_banks; online_exam_questions; subjects / online_exams; online_exam_questions; online_exam_submissions; enrollment; users / exam-owned tables; no supporting implementation found","No connected implementation found.","No supporting route/service/storage/UI workflow found.","Target workflow is unavailable.","Build generator over versioned bank; persist selected IDs/versions/order/seed for each candidate.","MEDIUM"
"4 Exam generation","A/B/C/D versions","MISSING","E04: Question-bank source and import test; both runtime probe artifacts / E06: Delivery/eligibility source; OnlineExamStudentFrontendTest and StudentAttemptTest / E20: Filename + concept search and connected path inspection","app/Http/Controllers/OnlineExamController.php:376-451,813-1015; app/Models/QuestionBank.php; resources/views/admin/online_exam/{question_bank,bank_modal,questions}.blade.php; resources/views/teacher/online_exam/question_bank.blade.php / app/Http/Controllers/OnlineExamController.php:1141-1454,1924-1945; app/Models/{OnlineExam,OnlineExamSubmission}.php; resources/views/student/online_exam/{instructions,list,take}.blade.php / docs/online-exams-audit/{core-search-files,concept-search-files}.txt; app/Http/Controllers/OnlineExamController.php; app/Models/OnlineExam*.php; routes/web.php; app/Console/Kernel.php","question_banks; online_exam_questions; subjects / online_exams; online_exam_questions; online_exam_submissions; enrollment; users / exam-owned tables; no supporting implementation found","No connected implementation found.","No supporting route/service/storage/UI workflow found.","Target workflow is unavailable.","Build generator over versioned bank; persist selected IDs/versions/order/seed for each candidate.","MEDIUM"
"5 Student experience","Instructions screen","IMPLEMENTED","E06: Delivery/eligibility source; OnlineExamStudentFrontendTest and StudentAttemptTest / E18: 49 tests / 113 assertions passed; browser/concurrency coverage absent","app/Http/Controllers/OnlineExamController.php:1141-1454,1924-1945; app/Models/{OnlineExam,OnlineExamSubmission}.php; resources/views/student/online_exam/{instructions,list,take}.blade.php / tests/Feature/{OnlineExamAuthorizationTest,OnlineExamPermissionTest,OnlineExamControllerSecurityTest,TeacherOnlineExamTest,OnlineExamRemindersTest,OnlineExamStudentAttemptTest,OnlineExamStudentFrontendTest}.php; docs/online-exams-audit/existing-tests.txt","online_exams; online_exam_questions; online_exam_submissions; enrollment; users / isolated SQLite fixtures; no live exam data","Real instructions page and declaration/start button; schedule messaging tests pass.","Readiness prose overstates recovery/camera guarantees.","Misleading candidate expectations.","Preserve screen; correct claims to implemented behavior.","MEDIUM"
"5 Student experience","Start confirmation","IMPLEMENTED","E06: Delivery/eligibility source; OnlineExamStudentFrontendTest and StudentAttemptTest / E18: 49 tests / 113 assertions passed; browser/concurrency coverage absent","app/Http/Controllers/OnlineExamController.php:1141-1454,1924-1945; app/Models/{OnlineExam,OnlineExamSubmission}.php; resources/views/student/online_exam/{instructions,list,take}.blade.php / tests/Feature/{OnlineExamAuthorizationTest,OnlineExamPermissionTest,OnlineExamControllerSecurityTest,TeacherOnlineExamTest,OnlineExamRemindersTest,OnlineExamStudentAttemptTest,OnlineExamStudentFrontendTest}.php; docs/online-exams-audit/existing-tests.txt","online_exams; online_exam_questions; online_exam_submissions; enrollment; users / isolated SQLite fixtures; no live exam data","Real instructions page and declaration/start button; schedule messaging tests pass.","Readiness prose overstates recovery/camera guarantees.","Misleading candidate expectations.","Preserve screen; correct claims to implemented behavior.","MEDIUM"
"5 Student experience","Exam readiness check","PARTIAL","E06: Delivery/eligibility source; OnlineExamStudentFrontendTest and StudentAttemptTest / E11: Full event/camera/readiness/timeline trace; no recording pipeline found","app/Http/Controllers/OnlineExamController.php:1141-1454,1924-1945; app/Models/{OnlineExam,OnlineExamSubmission}.php; resources/views/student/online_exam/{instructions,list,take}.blade.php / app/Http/Controllers/OnlineExamController.php:1238-1253,1524-1546,1629-1646; app/Models/OnlineExamProctoringEvent.php; app/Http/Requests/OnlineExam/{CameraReadinessRequest,ProctoringEventRequest}.php; resources/views/admin/online_exam/proctoring.blade.php; resources/views/student/online_exam/{instructions,take}.blade.php","online_exams; online_exam_questions; online_exam_submissions; enrollment; users / online_exam_proctoring_events; online_exam_submissions","Optional camera/fullscreen check before start.","No network/storage/device/browser readiness; booleans spoofable; fullscreen flag stays true after exit on instructions.","False assurance.","Accurate capability check and server-authorized eligibility; label client checks as deterrents.","HIGH"
"5 Student experience","Question navigator","PARTIAL","E07: Client dirty-state/save/submit trace; server security tests / E19: Markup and browser-script inspection; no assistive-technology session run","resources/views/student/online_exam/take.blade.php:285-433; app/Http/Controllers/OnlineExamController.php:1456-1507; app/Http/Requests/OnlineExam/SaveOnlineExamAnswerRequest.php / resources/views/student/online_exam/{instructions,take,result,list}.blade.php; resources/views/teacher/online_exam/question_form.blade.php; resources/views/admin/online_exam/modal.blade.php","online_exam_answers; online_exam_submissions / online_exams; online_exam_questions; online_exam_submissions","Anchor dots, answered styling, unanswered count on confirm.","Success flag can be stale; no clear distinction drafted/saving/confirmed; no full progress view.","Candidate thinks unsaved response is secure.","Version-aware status and accessible progress/review display.","HIGH"
"5 Student experience","Answered/unanswered indicators","PARTIAL","E07: Client dirty-state/save/submit trace; server security tests / E19: Markup and browser-script inspection; no assistive-technology session run","resources/views/student/online_exam/take.blade.php:285-433; app/Http/Controllers/OnlineExamController.php:1456-1507; app/Http/Requests/OnlineExam/SaveOnlineExamAnswerRequest.php / resources/views/student/online_exam/{instructions,take,result,list}.blade.php; resources/views/teacher/online_exam/question_form.blade.php; resources/views/admin/online_exam/modal.blade.php","online_exam_answers; online_exam_submissions / online_exams; online_exam_questions; online_exam_submissions","Anchor dots, answered styling, unanswered count on confirm.","Success flag can be stale; no clear distinction drafted/saving/confirmed; no full progress view.","Candidate thinks unsaved response is secure.","Version-aware status and accessible progress/review display.","HIGH"
"5 Student experience","Progress","PARTIAL","E07: Client dirty-state/save/submit trace; server security tests / E19: Markup and browser-script inspection; no assistive-technology session run","resources/views/student/online_exam/take.blade.php:285-433; app/Http/Controllers/OnlineExamController.php:1456-1507; app/Http/Requests/OnlineExam/SaveOnlineExamAnswerRequest.php / resources/views/student/online_exam/{instructions,take,result,list}.blade.php; resources/views/teacher/online_exam/question_form.blade.php; resources/views/admin/online_exam/modal.blade.php","online_exam_answers; online_exam_submissions / online_exams; online_exam_questions; online_exam_submissions","Anchor dots, answered styling, unanswered count on confirm.","Success flag can be stale; no clear distinction drafted/saving/confirmed; no full progress view.","Candidate thinks unsaved response is secure.","Version-aware status and accessible progress/review display.","HIGH"
"5 Student experience","Free navigation","IMPLEMENTED","E06: Delivery/eligibility source; OnlineExamStudentFrontendTest and StudentAttemptTest / E19: Markup and browser-script inspection; no assistive-technology session run","app/Http/Controllers/OnlineExamController.php:1141-1454,1924-1945; app/Models/{OnlineExam,OnlineExamSubmission}.php; resources/views/student/online_exam/{instructions,list,take}.blade.php / resources/views/student/online_exam/{instructions,take,result,list}.blade.php; resources/views/teacher/online_exam/question_form.blade.php; resources/views/admin/online_exam/modal.blade.php","online_exams; online_exam_questions; online_exam_submissions; enrollment; users / online_exams; online_exam_questions; online_exam_submissions","All questions rendered with anchor navigation.","No constrained navigation modes.","Full paper accessible by design.","Preserve free navigation as explicit mode.","LOW"
"5 Student experience","Sequential navigation","PLACEHOLDER","E02: Create/update/publish source; runtime-probes.json / E07: Client dirty-state/save/submit trace; server security tests","app/Http/Controllers/OnlineExamController.php:48-374; app/Models/OnlineExam.php; app/Http/Requests/OnlineExam/{Store,Update}OnlineExamRequest.php; resources/views/admin/online_exam/ / resources/views/student/online_exam/take.blade.php:285-433; app/Http/Controllers/OnlineExamController.php:1456-1507; app/Http/Requests/OnlineExam/SaveOnlineExamAnswerRequest.php","online_exams; online_exam_questions; subjects; classes / online_exam_answers; online_exam_submissions","allow_previous_navigation setting stored.","Client/server delivery never enforce it; all questions rendered.","Exam rule is falsely presented.","Implement server-aware mode or remove/disable unsupported control.","HIGH"
"5 Student experience","Autosave","BROKEN","E07: Client dirty-state/save/submit trace; server security tests","resources/views/student/online_exam/take.blade.php:285-433; app/Http/Controllers/OnlineExamController.php:1456-1507; app/Http/Requests/OnlineExam/SaveOnlineExamAnswerRequest.php","online_exam_answers; online_exam_submissions","Immediate radio save, 1.5s text debounce, 10s retry sweep, saved labels.","Stale acknowledgement clears new edits; validation 422 clears pending state; no local persistence.","Candidate answer loss.","Revisioned durable queue and acknowledgement tracking.","CRITICAL"
"5 Student experience","Save indicator","BROKEN","E07: Client dirty-state/save/submit trace; server security tests","resources/views/student/online_exam/take.blade.php:285-433; app/Http/Controllers/OnlineExamController.php:1456-1507; app/Http/Requests/OnlineExam/SaveOnlineExamAnswerRequest.php","online_exam_answers; online_exam_submissions","Immediate radio save, 1.5s text debounce, 10s retry sweep, saved labels.","Stale acknowledgement clears new edits; validation 422 clears pending state; no local persistence.","Candidate answer loss.","Revisioned durable queue and acknowledgement tracking.","CRITICAL"
"5 Student experience","Submission confirmation","PARTIAL","E07: Client dirty-state/save/submit trace; server security tests / E09: Marking/finalization trace; both runtime probe artifacts","resources/views/student/online_exam/take.blade.php:285-433; app/Http/Controllers/OnlineExamController.php:1456-1507; app/Http/Requests/OnlineExam/SaveOnlineExamAnswerRequest.php / app/Http/Controllers/OnlineExamController.php:1046-1138,1548-1588,1604-1814; app/Http/Requests/OnlineExam/{SubmitOnlineExamRequest,ManualMarkAnswerRequest}.php; resources/views/student/online_exam/take.blade.php:144-149","online_exam_answers; online_exam_submissions / online_exam_submissions; online_exam_answers; online_exam_questions","window.confirm and unanswered count.","Actual form misses submission_id; no final flush.","403 and lost final edits.","Validated form payload plus acknowledged flush and resumable submission receipt.","CRITICAL"
"5 Student experience","Automatic submission","PARTIAL","E08: Deadline/heartbeat/schedule source; expiry/window tests; live runtime timezone / E09: Marking/finalization trace; both runtime probe artifacts","app/Http/Controllers/OnlineExamController.php:1223-1380,1509-1522,1561-1567; app/Models/OnlineExamSubmission.php; app/Http/Requests/OnlineExam/StartOnlineExamRequest.php; app/Console/Kernel.php; resources/views/student/online_exam/take.blade.php:182-227; config/app.php / app/Http/Controllers/OnlineExamController.php:1046-1138,1548-1588,1604-1814; app/Http/Requests/OnlineExam/{SubmitOnlineExamRequest,ManualMarkAnswerRequest}.php; resources/views/student/online_exam/take.blade.php:144-149","online_exam_submissions; online_exams / online_exam_submissions; online_exam_answers; online_exam_questions","JS timeout and expired-page fallback exist.","No offline/closed-browser worker; does not await pending saves.","Abandoned or incomplete attempts.","Authoritative expiry worker and retry-safe finalization.","HIGH"
"5 Student experience","Warnings","PARTIAL","E07: Client dirty-state/save/submit trace; server security tests / E11: Full event/camera/readiness/timeline trace; no recording pipeline found","resources/views/student/online_exam/take.blade.php:285-433; app/Http/Controllers/OnlineExamController.php:1456-1507; app/Http/Requests/OnlineExam/SaveOnlineExamAnswerRequest.php / app/Http/Controllers/OnlineExamController.php:1238-1253,1524-1546,1629-1646; app/Models/OnlineExamProctoringEvent.php; app/Http/Requests/OnlineExam/{CameraReadinessRequest,ProctoringEventRequest}.php; resources/views/admin/online_exam/proctoring.blade.php; resources/views/student/online_exam/{instructions,take}.blade.php","online_exam_answers; online_exam_submissions / online_exam_proctoring_events; online_exam_submissions","beforeunload and fullscreen overlay; basic confirmation.","No early deadline thresholds or structured connection/save warning.","Candidate lacks actionable failure information.","Accessible timed warnings and save/network recovery instructions.","MEDIUM"
"5 Student experience","Mark for review","MISSING","E07: Client dirty-state/save/submit trace; server security tests / E19: Markup and browser-script inspection; no assistive-technology session run","resources/views/student/online_exam/take.blade.php:285-433; app/Http/Controllers/OnlineExamController.php:1456-1507; app/Http/Requests/OnlineExam/SaveOnlineExamAnswerRequest.php / resources/views/student/online_exam/{instructions,take,result,list}.blade.php; resources/views/teacher/online_exam/question_form.blade.php; resources/views/admin/online_exam/modal.blade.php","online_exam_answers; online_exam_submissions / online_exams; online_exam_questions; online_exam_submissions","No connected implementation found.","No supporting route/service/storage/UI workflow found.","Target workflow is unavailable.","Add accessible exam-local navigation/review and network status after data safety repair.","MEDIUM"
"5 Student experience","Previous/next buttons","MISSING","E07: Client dirty-state/save/submit trace; server security tests / E19: Markup and browser-script inspection; no assistive-technology session run","resources/views/student/online_exam/take.blade.php:285-433; app/Http/Controllers/OnlineExamController.php:1456-1507; app/Http/Requests/OnlineExam/SaveOnlineExamAnswerRequest.php / resources/views/student/online_exam/{instructions,take,result,list}.blade.php; resources/views/teacher/online_exam/question_form.blade.php; resources/views/admin/online_exam/modal.blade.php","online_exam_answers; online_exam_submissions / online_exams; online_exam_questions; online_exam_submissions","No connected implementation found.","No supporting route/service/storage/UI workflow found.","Target workflow is unavailable.","Add accessible exam-local navigation/review and network status after data safety repair.","MEDIUM"
"5 Student experience","One-question-per-page mode","MISSING","E07: Client dirty-state/save/submit trace; server security tests / E19: Markup and browser-script inspection; no assistive-technology session run","resources/views/student/online_exam/take.blade.php:285-433; app/Http/Controllers/OnlineExamController.php:1456-1507; app/Http/Requests/OnlineExam/SaveOnlineExamAnswerRequest.php / resources/views/student/online_exam/{instructions,take,result,list}.blade.php; resources/views/teacher/online_exam/question_form.blade.php; resources/views/admin/online_exam/modal.blade.php","online_exam_answers; online_exam_submissions / online_exams; online_exam_questions; online_exam_submissions","No connected implementation found.","No supporting route/service/storage/UI workflow found.","Target workflow is unavailable.","Add accessible exam-local navigation/review and network status after data safety repair.","MEDIUM"
"5 Student experience","Section navigation","MISSING","E07: Client dirty-state/save/submit trace; server security tests / E19: Markup and browser-script inspection; no assistive-technology session run","resources/views/student/online_exam/take.blade.php:285-433; app/Http/Controllers/OnlineExamController.php:1456-1507; app/Http/Requests/OnlineExam/SaveOnlineExamAnswerRequest.php / resources/views/student/online_exam/{instructions,take,result,list}.blade.php; resources/views/teacher/online_exam/question_form.blade.php; resources/views/admin/online_exam/modal.blade.php","online_exam_answers; online_exam_submissions / online_exams; online_exam_questions; online_exam_submissions","No connected implementation found.","No supporting route/service/storage/UI workflow found.","Target workflow is unavailable.","Add accessible exam-local navigation/review and network status after data safety repair.","MEDIUM"
"5 Student experience","Connectivity indicator","MISSING","E07: Client dirty-state/save/submit trace; server security tests / E19: Markup and browser-script inspection; no assistive-technology session run","resources/views/student/online_exam/take.blade.php:285-433; app/Http/Controllers/OnlineExamController.php:1456-1507; app/Http/Requests/OnlineExam/SaveOnlineExamAnswerRequest.php / resources/views/student/online_exam/{instructions,take,result,list}.blade.php; resources/views/teacher/online_exam/question_form.blade.php; resources/views/admin/online_exam/modal.blade.php","online_exam_answers; online_exam_submissions / online_exams; online_exam_questions; online_exam_submissions","No connected implementation found.","No supporting route/service/storage/UI workflow found.","Target workflow is unavailable.","Add accessible exam-local navigation/review and network status after data safety repair.","MEDIUM"
"5 Student experience","Final review screen","MISSING","E07: Client dirty-state/save/submit trace; server security tests / E19: Markup and browser-script inspection; no assistive-technology session run","resources/views/student/online_exam/take.blade.php:285-433; app/Http/Controllers/OnlineExamController.php:1456-1507; app/Http/Requests/OnlineExam/SaveOnlineExamAnswerRequest.php / resources/views/student/online_exam/{instructions,take,result,list}.blade.php; resources/views/teacher/online_exam/question_form.blade.php; resources/views/admin/online_exam/modal.blade.php","online_exam_answers; online_exam_submissions / online_exams; online_exam_questions; online_exam_submissions","No connected implementation found.","No supporting route/service/storage/UI workflow found.","Target workflow is unavailable.","Add accessible exam-local navigation/review and network status after data safety repair.","MEDIUM"
"6 Timing","Server-side authoritative timer","PARTIAL","E08: Deadline/heartbeat/schedule source; expiry/window tests; live runtime timezone / E18: 49 tests / 113 assertions passed; browser/concurrency coverage absent","app/Http/Controllers/OnlineExamController.php:1223-1380,1509-1522,1561-1567; app/Models/OnlineExamSubmission.php; app/Http/Requests/OnlineExam/StartOnlineExamRequest.php; app/Console/Kernel.php; resources/views/student/online_exam/take.blade.php:182-227; config/app.php / tests/Feature/{OnlineExamAuthorizationTest,OnlineExamPermissionTest,OnlineExamControllerSecurityTest,TeacherOnlineExamTest,OnlineExamRemindersTest,OnlineExamStudentAttemptTest,OnlineExamStudentFrontendTest}.php; docs/online-exams-audit/existing-tests.txt","online_exam_submissions; online_exams / isolated SQLite fixtures; no live exam data","Persisted expiry checked server-side; refresh test and late-save test pass.","No authoritative background expiry finalization; mixed timestamp formats.","Unsafely persistent active attempts and display drift.","Keep deadline authority; add sweeper/ISO UTC time contract.","HIGH"
"6 Timing","Overall timer","PARTIAL","E08: Deadline/heartbeat/schedule source; expiry/window tests; live runtime timezone / E18: 49 tests / 113 assertions passed; browser/concurrency coverage absent","app/Http/Controllers/OnlineExamController.php:1223-1380,1509-1522,1561-1567; app/Models/OnlineExamSubmission.php; app/Http/Requests/OnlineExam/StartOnlineExamRequest.php; app/Console/Kernel.php; resources/views/student/online_exam/take.blade.php:182-227; config/app.php / tests/Feature/{OnlineExamAuthorizationTest,OnlineExamPermissionTest,OnlineExamControllerSecurityTest,TeacherOnlineExamTest,OnlineExamRemindersTest,OnlineExamStudentAttemptTest,OnlineExamStudentFrontendTest}.php; docs/online-exams-audit/existing-tests.txt","online_exam_submissions; online_exams / isolated SQLite fixtures; no live exam data","Persisted expiry checked server-side; refresh test and late-save test pass.","No authoritative background expiry finalization; mixed timestamp formats.","Unsafely persistent active attempts and display drift.","Keep deadline authority; add sweeper/ISO UTC time contract.","HIGH"
"6 Timing","Timeout auto-submit","PARTIAL","E08: Deadline/heartbeat/schedule source; expiry/window tests; live runtime timezone / E09: Marking/finalization trace; both runtime probe artifacts","app/Http/Controllers/OnlineExamController.php:1223-1380,1509-1522,1561-1567; app/Models/OnlineExamSubmission.php; app/Http/Requests/OnlineExam/StartOnlineExamRequest.php; app/Console/Kernel.php; resources/views/student/online_exam/take.blade.php:182-227; config/app.php / app/Http/Controllers/OnlineExamController.php:1046-1138,1548-1588,1604-1814; app/Http/Requests/OnlineExam/{SubmitOnlineExamRequest,ManualMarkAnswerRequest}.php; resources/views/student/online_exam/take.blade.php:144-149","online_exam_submissions; online_exams / online_exam_submissions; online_exam_answers; online_exam_questions","Browser and expired take path finalize saved answers.","No independent scheduler expiration; early timeout endpoint doesn't require actual expiry.","Incorrect timeout provenance/offline completion.","Separate early manual submission from actual expiry, with server finalization service.","HIGH"
"6 Timing","Resume","PARTIAL","E06: Delivery/eligibility source; OnlineExamStudentFrontendTest and StudentAttemptTest / E08: Deadline/heartbeat/schedule source; expiry/window tests; live runtime timezone","app/Http/Controllers/OnlineExamController.php:1141-1454,1924-1945; app/Models/{OnlineExam,OnlineExamSubmission}.php; resources/views/student/online_exam/{instructions,list,take}.blade.php / app/Http/Controllers/OnlineExamController.php:1223-1380,1509-1522,1561-1567; app/Models/OnlineExamSubmission.php; app/Http/Requests/OnlineExam/StartOnlineExamRequest.php; app/Console/Kernel.php; resources/views/student/online_exam/take.blade.php:182-227; config/app.php","online_exams; online_exam_questions; online_exam_submissions; enrollment; users / online_exam_submissions; online_exams","Saved answers and original deadline restored; resume JSON endpoint.","No restoration of unsaved local edits; resume can return active even when expired.","Lost work or misleading resume state.","Resolve expiry first; reconcile durable drafts under deadline policy.","HIGH"
"6 Timing","Section timer","MISSING","E08: Deadline/heartbeat/schedule source; expiry/window tests; live runtime timezone / E20: Filename + concept search and connected path inspection","app/Http/Controllers/OnlineExamController.php:1223-1380,1509-1522,1561-1567; app/Models/OnlineExamSubmission.php; app/Http/Requests/OnlineExam/StartOnlineExamRequest.php; app/Console/Kernel.php; resources/views/student/online_exam/take.blade.php:182-227; config/app.php / docs/online-exams-audit/{core-search-files,concept-search-files}.txt; app/Http/Controllers/OnlineExamController.php; app/Models/OnlineExam*.php; routes/web.php; app/Console/Kernel.php","online_exam_submissions; online_exams / exam-owned tables; no supporting implementation found","No connected implementation found.","No supporting route/service/storage/UI workflow found.","Target workflow is unavailable.","Add exam-owned accommodation/intervention records and server-computed deadlines; audit every change.","MEDIUM"
"6 Timing","Optional question timer","MISSING","E08: Deadline/heartbeat/schedule source; expiry/window tests; live runtime timezone / E20: Filename + concept search and connected path inspection","app/Http/Controllers/OnlineExamController.php:1223-1380,1509-1522,1561-1567; app/Models/OnlineExamSubmission.php; app/Http/Requests/OnlineExam/StartOnlineExamRequest.php; app/Console/Kernel.php; resources/views/student/online_exam/take.blade.php:182-227; config/app.php / docs/online-exams-audit/{core-search-files,concept-search-files}.txt; app/Http/Controllers/OnlineExamController.php; app/Models/OnlineExam*.php; routes/web.php; app/Console/Kernel.php","online_exam_submissions; online_exams / exam-owned tables; no supporting implementation found","No connected implementation found.","No supporting route/service/storage/UI workflow found.","Target workflow is unavailable.","Add exam-owned accommodation/intervention records and server-computed deadlines; audit every change.","MEDIUM"
"6 Timing","Warning intervals","MISSING","E08: Deadline/heartbeat/schedule source; expiry/window tests; live runtime timezone / E20: Filename + concept search and connected path inspection","app/Http/Controllers/OnlineExamController.php:1223-1380,1509-1522,1561-1567; app/Models/OnlineExamSubmission.php; app/Http/Requests/OnlineExam/StartOnlineExamRequest.php; app/Console/Kernel.php; resources/views/student/online_exam/take.blade.php:182-227; config/app.php / docs/online-exams-audit/{core-search-files,concept-search-files}.txt; app/Http/Controllers/OnlineExamController.php; app/Models/OnlineExam*.php; routes/web.php; app/Console/Kernel.php","online_exam_submissions; online_exams / exam-owned tables; no supporting implementation found","No connected implementation found.","No supporting route/service/storage/UI workflow found.","Target workflow is unavailable.","Add exam-owned accommodation/intervention records and server-computed deadlines; audit every change.","MEDIUM"
"6 Timing","Candidate-specific extra time","MISSING","E08: Deadline/heartbeat/schedule source; expiry/window tests; live runtime timezone / E20: Filename + concept search and connected path inspection","app/Http/Controllers/OnlineExamController.php:1223-1380,1509-1522,1561-1567; app/Models/OnlineExamSubmission.php; app/Http/Requests/OnlineExam/StartOnlineExamRequest.php; app/Console/Kernel.php; resources/views/student/online_exam/take.blade.php:182-227; config/app.php / docs/online-exams-audit/{core-search-files,concept-search-files}.txt; app/Http/Controllers/OnlineExamController.php; app/Models/OnlineExam*.php; routes/web.php; app/Console/Kernel.php","online_exam_submissions; online_exams / exam-owned tables; no supporting implementation found","No connected implementation found.","No supporting route/service/storage/UI workflow found.","Target workflow is unavailable.","Add exam-owned accommodation/intervention records and server-computed deadlines; audit every change.","MEDIUM"
"6 Timing","Pause","MISSING","E08: Deadline/heartbeat/schedule source; expiry/window tests; live runtime timezone / E20: Filename + concept search and connected path inspection","app/Http/Controllers/OnlineExamController.php:1223-1380,1509-1522,1561-1567; app/Models/OnlineExamSubmission.php; app/Http/Requests/OnlineExam/StartOnlineExamRequest.php; app/Console/Kernel.php; resources/views/student/online_exam/take.blade.php:182-227; config/app.php / docs/online-exams-audit/{core-search-files,concept-search-files}.txt; app/Http/Controllers/OnlineExamController.php; app/Models/OnlineExam*.php; routes/web.php; app/Console/Kernel.php","online_exam_submissions; online_exams / exam-owned tables; no supporting implementation found","No connected implementation found.","No supporting route/service/storage/UI workflow found.","Target workflow is unavailable.","Add exam-owned accommodation/intervention records and server-computed deadlines; audit every change.","MEDIUM"
"6 Timing","Reopening","MISSING","E08: Deadline/heartbeat/schedule source; expiry/window tests; live runtime timezone / E20: Filename + concept search and connected path inspection","app/Http/Controllers/OnlineExamController.php:1223-1380,1509-1522,1561-1567; app/Models/OnlineExamSubmission.php; app/Http/Requests/OnlineExam/StartOnlineExamRequest.php; app/Console/Kernel.php; resources/views/student/online_exam/take.blade.php:182-227; config/app.php / docs/online-exams-audit/{core-search-files,concept-search-files}.txt; app/Http/Controllers/OnlineExamController.php; app/Models/OnlineExam*.php; routes/web.php; app/Console/Kernel.php","online_exam_submissions; online_exams / exam-owned tables; no supporting implementation found","No connected implementation found.","No supporting route/service/storage/UI workflow found.","Target workflow is unavailable.","Add exam-owned accommodation/intervention records and server-computed deadlines; audit every change.","MEDIUM"
"6 Timing","Emergency exam pause","MISSING","E08: Deadline/heartbeat/schedule source; expiry/window tests; live runtime timezone / E20: Filename + concept search and connected path inspection","app/Http/Controllers/OnlineExamController.php:1223-1380,1509-1522,1561-1567; app/Models/OnlineExamSubmission.php; app/Http/Requests/OnlineExam/StartOnlineExamRequest.php; app/Console/Kernel.php; resources/views/student/online_exam/take.blade.php:182-227; config/app.php / docs/online-exams-audit/{core-search-files,concept-search-files}.txt; app/Http/Controllers/OnlineExamController.php; app/Models/OnlineExam*.php; routes/web.php; app/Console/Kernel.php","online_exam_submissions; online_exams / exam-owned tables; no supporting implementation found","No connected implementation found.","No supporting route/service/storage/UI workflow found.","Target workflow is unavailable.","Add exam-owned accommodation/intervention records and server-computed deadlines; audit every change.","MEDIUM"
"6 Timing","Audited extensions","MISSING","E08: Deadline/heartbeat/schedule source; expiry/window tests; live runtime timezone / E20: Filename + concept search and connected path inspection","app/Http/Controllers/OnlineExamController.php:1223-1380,1509-1522,1561-1567; app/Models/OnlineExamSubmission.php; app/Http/Requests/OnlineExam/StartOnlineExamRequest.php; app/Console/Kernel.php; resources/views/student/online_exam/take.blade.php:182-227; config/app.php / docs/online-exams-audit/{core-search-files,concept-search-files}.txt; app/Http/Controllers/OnlineExamController.php; app/Models/OnlineExam*.php; routes/web.php; app/Console/Kernel.php","online_exam_submissions; online_exams / exam-owned tables; no supporting implementation found","No connected implementation found.","No supporting route/service/storage/UI workflow found.","Target workflow is unavailable.","Add exam-owned accommodation/intervention records and server-computed deadlines; audit every change.","MEDIUM"
"7 Internet recovery","Autosave delivery retry","PARTIAL","E07: Client dirty-state/save/submit trace; server security tests","resources/views/student/online_exam/take.blade.php:285-433; app/Http/Controllers/OnlineExamController.php:1456-1507; app/Http/Requests/OnlineExam/SaveOnlineExamAnswerRequest.php","online_exam_answers; online_exam_submissions","Failed fetch leaves dirty value in current tab for 10s retry.","No backoff/durable queue; failure at navigation/crash loses it; stale-success bug.","Lost exam work.","Revisioned durable outbox and bounded retries.","CRITICAL"
"7 Internet recovery","Network interruption recovery","PARTIAL","E07: Client dirty-state/save/submit trace; server security tests","resources/views/student/online_exam/take.blade.php:285-433; app/Http/Controllers/OnlineExamController.php:1456-1507; app/Http/Requests/OnlineExam/SaveOnlineExamAnswerRequest.php","online_exam_answers; online_exam_submissions","Failed fetch leaves dirty value in current tab for 10s retry.","No backoff/durable queue; failure at navigation/crash loses it; stale-success bug.","Lost exam work.","Revisioned durable outbox and bounded retries.","CRITICAL"
"7 Internet recovery","Idempotent answer updates","PARTIAL","E07: Client dirty-state/save/submit trace; server security tests / E14: Live SHOW CREATE TABLE/SHOW INDEX inspection versus migrations/test schema","resources/views/student/online_exam/take.blade.php:285-433; app/Http/Controllers/OnlineExamController.php:1456-1507; app/Http/Requests/OnlineExam/SaveOnlineExamAnswerRequest.php / docs/online-exams-audit/live-schema.json; database/migrations/*online_exam*.php; database/migrations/2026_07_02_125458_create_question_banks_table.php; tests/Feature/Support/OnlineExamTestHelper.php","online_exam_answers; online_exam_submissions / all seven exam/question-bank tables","Unique pair + transaction updateOrCreate prevents duplicate answer rows.","No revision sequence; old/retried payload can overwrite newer value; submit retries error rather than stable receipt.","Silent stale answer replacement.","Compare-and-set revision/idempotency token, stable submit receipt.","HIGH"
"7 Internet recovery","Duplicate request protection","PARTIAL","E07: Client dirty-state/save/submit trace; server security tests / E14: Live SHOW CREATE TABLE/SHOW INDEX inspection versus migrations/test schema","resources/views/student/online_exam/take.blade.php:285-433; app/Http/Controllers/OnlineExamController.php:1456-1507; app/Http/Requests/OnlineExam/SaveOnlineExamAnswerRequest.php / docs/online-exams-audit/live-schema.json; database/migrations/*online_exam*.php; database/migrations/2026_07_02_125458_create_question_banks_table.php; tests/Feature/Support/OnlineExamTestHelper.php","online_exam_answers; online_exam_submissions / all seven exam/question-bank tables","Unique pair + transaction updateOrCreate prevents duplicate answer rows.","No revision sequence; old/retried payload can overwrite newer value; submit retries error rather than stable receipt.","Silent stale answer replacement.","Compare-and-set revision/idempotency token, stable submit receipt.","HIGH"
"7 Internet recovery","Browser refresh recovery","PARTIAL","E06: Delivery/eligibility source; OnlineExamStudentFrontendTest and StudentAttemptTest / E07: Client dirty-state/save/submit trace; server security tests","app/Http/Controllers/OnlineExamController.php:1141-1454,1924-1945; app/Models/{OnlineExam,OnlineExamSubmission}.php; resources/views/student/online_exam/{instructions,list,take}.blade.php / resources/views/student/online_exam/take.blade.php:285-433; app/Http/Controllers/OnlineExamController.php:1456-1507; app/Http/Requests/OnlineExam/SaveOnlineExamAnswerRequest.php","online_exams; online_exam_questions; online_exam_submissions; enrollment; users / online_exam_answers; online_exam_submissions","Server-acknowledged answers prefill; timer preserved.","Unacknowledged tab values lost.","Candidate loses latest work.","Local pending draft reconciliation before rendering saved state.","CRITICAL"
"7 Internet recovery","Local temporary answer storage","MISSING","E07: Client dirty-state/save/submit trace; server security tests / E11: Full event/camera/readiness/timeline trace; no recording pipeline found","resources/views/student/online_exam/take.blade.php:285-433; app/Http/Controllers/OnlineExamController.php:1456-1507; app/Http/Requests/OnlineExam/SaveOnlineExamAnswerRequest.php / app/Http/Controllers/OnlineExamController.php:1238-1253,1524-1546,1629-1646; app/Models/OnlineExamProctoringEvent.php; app/Http/Requests/OnlineExam/{CameraReadinessRequest,ProctoringEventRequest}.php; resources/views/admin/online_exam/proctoring.blade.php; resources/views/student/online_exam/{instructions,take}.blade.php","online_exam_answers; online_exam_submissions / online_exam_proctoring_events; online_exam_submissions","No connected implementation found.","No supporting route/service/storage/UI workflow found.","Short failure plus reload can erase unacknowledged answers.","Implement user/attempt-scoped durable draft queue and reconnect synchronization; purge after acknowledged completion.","HIGH"
"7 Internet recovery","Reconnect detection","MISSING","E07: Client dirty-state/save/submit trace; server security tests / E11: Full event/camera/readiness/timeline trace; no recording pipeline found","resources/views/student/online_exam/take.blade.php:285-433; app/Http/Controllers/OnlineExamController.php:1456-1507; app/Http/Requests/OnlineExam/SaveOnlineExamAnswerRequest.php / app/Http/Controllers/OnlineExamController.php:1238-1253,1524-1546,1629-1646; app/Models/OnlineExamProctoringEvent.php; app/Http/Requests/OnlineExam/{CameraReadinessRequest,ProctoringEventRequest}.php; resources/views/admin/online_exam/proctoring.blade.php; resources/views/student/online_exam/{instructions,take}.blade.php","online_exam_answers; online_exam_submissions / online_exam_proctoring_events; online_exam_submissions","No connected implementation found.","No supporting route/service/storage/UI workflow found.","Short failure plus reload can erase unacknowledged answers.","Implement user/attempt-scoped durable draft queue and reconnect synchronization; purge after acknowledged completion.","HIGH"
"7 Internet recovery","Synchronization protocol","MISSING","E07: Client dirty-state/save/submit trace; server security tests / E11: Full event/camera/readiness/timeline trace; no recording pipeline found","resources/views/student/online_exam/take.blade.php:285-433; app/Http/Controllers/OnlineExamController.php:1456-1507; app/Http/Requests/OnlineExam/SaveOnlineExamAnswerRequest.php / app/Http/Controllers/OnlineExamController.php:1238-1253,1524-1546,1629-1646; app/Models/OnlineExamProctoringEvent.php; app/Http/Requests/OnlineExam/{CameraReadinessRequest,ProctoringEventRequest}.php; resources/views/admin/online_exam/proctoring.blade.php; resources/views/student/online_exam/{instructions,take}.blade.php","online_exam_answers; online_exam_submissions / online_exam_proctoring_events; online_exam_submissions","No connected implementation found.","No supporting route/service/storage/UI workflow found.","Short failure plus reload can erase unacknowledged answers.","Implement user/attempt-scoped durable draft queue and reconnect synchronization; purge after acknowledged completion.","HIGH"
"7 Internet recovery","Browser crash recovery","MISSING","E07: Client dirty-state/save/submit trace; server security tests / E11: Full event/camera/readiness/timeline trace; no recording pipeline found","resources/views/student/online_exam/take.blade.php:285-433; app/Http/Controllers/OnlineExamController.php:1456-1507; app/Http/Requests/OnlineExam/SaveOnlineExamAnswerRequest.php / app/Http/Controllers/OnlineExamController.php:1238-1253,1524-1546,1629-1646; app/Models/OnlineExamProctoringEvent.php; app/Http/Requests/OnlineExam/{CameraReadinessRequest,ProctoringEventRequest}.php; resources/views/admin/online_exam/proctoring.blade.php; resources/views/student/online_exam/{instructions,take}.blade.php","online_exam_answers; online_exam_submissions / online_exam_proctoring_events; online_exam_submissions","No connected implementation found.","No supporting route/service/storage/UI workflow found.","Short failure plus reload can erase unacknowledged answers.","Implement user/attempt-scoped durable draft queue and reconnect synchronization; purge after acknowledged completion.","HIGH"
"7 Internet recovery","Reconnect logging","MISSING","E07: Client dirty-state/save/submit trace; server security tests / E11: Full event/camera/readiness/timeline trace; no recording pipeline found","resources/views/student/online_exam/take.blade.php:285-433; app/Http/Controllers/OnlineExamController.php:1456-1507; app/Http/Requests/OnlineExam/SaveOnlineExamAnswerRequest.php / app/Http/Controllers/OnlineExamController.php:1238-1253,1524-1546,1629-1646; app/Models/OnlineExamProctoringEvent.php; app/Http/Requests/OnlineExam/{CameraReadinessRequest,ProctoringEventRequest}.php; resources/views/admin/online_exam/proctoring.blade.php; resources/views/student/online_exam/{instructions,take}.blade.php","online_exam_answers; online_exam_submissions / online_exam_proctoring_events; online_exam_submissions","No connected implementation found.","No supporting route/service/storage/UI workflow found.","Short failure plus reload can erase unacknowledged answers.","Implement user/attempt-scoped durable draft queue and reconnect synchronization; purge after acknowledged completion.","HIGH"
"7 Internet recovery","Lost response recovery","BROKEN","E07: Client dirty-state/save/submit trace; server security tests / E09: Marking/finalization trace; both runtime probe artifacts","resources/views/student/online_exam/take.blade.php:285-433; app/Http/Controllers/OnlineExamController.php:1456-1507; app/Http/Requests/OnlineExam/SaveOnlineExamAnswerRequest.php / app/Http/Controllers/OnlineExamController.php:1046-1138,1548-1588,1604-1814; app/Http/Requests/OnlineExam/{SubmitOnlineExamRequest,ManualMarkAnswerRequest}.php; resources/views/student/online_exam/take.blade.php:144-149","online_exam_answers; online_exam_submissions / online_exam_submissions; online_exam_answers; online_exam_questions","Server may save/submit successfully.","Client cannot reconcile acknowledged version or receive repeat final receipt; final form failure can strand UI.","Candidate uncertain whether attempt completed.","Idempotent receipts and status reconciliation endpoint.","HIGH"
"8 Security","Authentication","IMPLEMENTED","E01: Registered route/middleware inspection; routes.json; isolated route probes / E18: 49 tests / 113 assertions passed; browser/concurrency coverage absent","routes/web.php:1313-1398; app/Http/Kernel.php; app/Http/Middleware/{Admin,Teacher,Student,Examinations}Middleware.php / tests/Feature/{OnlineExamAuthorizationTest,OnlineExamPermissionTest,OnlineExamControllerSecurityTest,TeacherOnlineExamTest,OnlineExamRemindersTest,OnlineExamStudentAttemptTest,OnlineExamStudentFrontendTest}.php; docs/online-exams-audit/existing-tests.txt","users; roles; schools / isolated SQLite fixtures; no live exam data","Existing session auth and role middleware protect exam routes.","No full production deployment review in this audit.","Session/TLS settings still operational responsibility.","Preserve auth; test session expiry recovery.","LOW"
"8 Security","Authorization","BROKEN","E04: Question-bank source and import test; both runtime probe artifacts / E10: Policy/permission/role inspection; isolation tests; deny/officer probes","app/Http/Controllers/OnlineExamController.php:376-451,813-1015; app/Models/QuestionBank.php; resources/views/admin/online_exam/{question_bank,bank_modal,questions}.blade.php; resources/views/teacher/online_exam/question_bank.blade.php / app/Support/Permissions/{OnlineExamPermissionService,OnlineExamAuthorizer}.php; app/Policies/OnlineExam*.php; database/seeders/OnlineExamPermissionSeeder.php; app/Models/AuditLog.php:45-53","question_banks; online_exam_questions; subjects / roles; users; global_settings; online_exams; online_exam_submissions","Exam ownership/tenant policies exist.","Bank delete/create use exam-create permission; menu aliases overgrant; denies ignored.","Unauthorized same-school destruction and privilege expansion.","Action-specific bank policy, deny precedence and role regression matrix.","HIGH"
"8 Security","Permissions","BROKEN","E04: Question-bank source and import test; both runtime probe artifacts / E10: Policy/permission/role inspection; isolation tests; deny/officer probes","app/Http/Controllers/OnlineExamController.php:376-451,813-1015; app/Models/QuestionBank.php; resources/views/admin/online_exam/{question_bank,bank_modal,questions}.blade.php; resources/views/teacher/online_exam/question_bank.blade.php / app/Support/Permissions/{OnlineExamPermissionService,OnlineExamAuthorizer}.php; app/Policies/OnlineExam*.php; database/seeders/OnlineExamPermissionSeeder.php; app/Models/AuditLog.php:45-53","question_banks; online_exam_questions; subjects / roles; users; global_settings; online_exams; online_exam_submissions","Exam ownership/tenant policies exist.","Bank delete/create use exam-create permission; menu aliases overgrant; denies ignored.","Unauthorized same-school destruction and privilege expansion.","Action-specific bank policy, deny precedence and role regression matrix.","HIGH"
"8 Security","Question-bank authorization","BROKEN","E04: Question-bank source and import test; both runtime probe artifacts / E10: Policy/permission/role inspection; isolation tests; deny/officer probes","app/Http/Controllers/OnlineExamController.php:376-451,813-1015; app/Models/QuestionBank.php; resources/views/admin/online_exam/{question_bank,bank_modal,questions}.blade.php; resources/views/teacher/online_exam/question_bank.blade.php / app/Support/Permissions/{OnlineExamPermissionService,OnlineExamAuthorizer}.php; app/Policies/OnlineExam*.php; database/seeders/OnlineExamPermissionSeeder.php; app/Models/AuditLog.php:45-53","question_banks; online_exam_questions; subjects / roles; users; global_settings; online_exams; online_exam_submissions","Exam ownership/tenant policies exist.","Bank delete/create use exam-create permission; menu aliases overgrant; denies ignored.","Unauthorized same-school destruction and privilege expansion.","Action-specific bank policy, deny precedence and role regression matrix.","HIGH"
"8 Security","CSRF","BROKEN","E01: Registered route/middleware inspection; routes.json; isolated route probes","routes/web.php:1313-1398; app/Http/Kernel.php; app/Http/Middleware/{Admin,Teacher,Student,Examinations}Middleware.php","users; roles; schools","POST/PUT/DELETE web routes have framework CSRF middleware.","Admin GET publish/unpublish/delete bypass CSRF protection.","Link/navigation-triggered state change.","Convert mutations and update forms; legacy GET must not mutate.","HIGH"
"8 Security","Exam-specific rate limiting","MISSING","E01: Registered route/middleware inspection; routes.json; isolated route probes / E11: Full event/camera/readiness/timeline trace; no recording pipeline found","routes/web.php:1313-1398; app/Http/Kernel.php; app/Http/Middleware/{Admin,Teacher,Student,Examinations}Middleware.php / app/Http/Controllers/OnlineExamController.php:1238-1253,1524-1546,1629-1646; app/Models/OnlineExamProctoringEvent.php; app/Http/Requests/OnlineExam/{CameraReadinessRequest,ProctoringEventRequest}.php; resources/views/admin/online_exam/proctoring.blade.php; resources/views/student/online_exam/{instructions,take}.blade.php","users; roles; schools / online_exam_proctoring_events; online_exam_submissions","No connected implementation found.","No supporting route/service/storage/UI workflow found.","Event/answer flood and resource exhaustion.","Apply per-user/attempt rate budgets and bounded answer/event payloads, allowing normal autosave retries.","HIGH"
"8 Security","Tenant/school isolation","PARTIAL","E06: Delivery/eligibility source; OnlineExamStudentFrontendTest and StudentAttemptTest / E10: Policy/permission/role inspection; isolation tests; deny/officer probes / E18: 49 tests / 113 assertions passed; browser/concurrency coverage absent","app/Http/Controllers/OnlineExamController.php:1141-1454,1924-1945; app/Models/{OnlineExam,OnlineExamSubmission}.php; resources/views/student/online_exam/{instructions,list,take}.blade.php / app/Support/Permissions/{OnlineExamPermissionService,OnlineExamAuthorizer}.php; app/Policies/OnlineExam*.php; database/seeders/OnlineExamPermissionSeeder.php; app/Models/AuditLog.php:45-53 / tests/Feature/{OnlineExamAuthorizationTest,OnlineExamPermissionTest,OnlineExamControllerSecurityTest,TeacherOnlineExamTest,OnlineExamRemindersTest,OnlineExamStudentAttemptTest,OnlineExamStudentFrontendTest}.php; docs/online-exams-audit/existing-tests.txt","online_exams; online_exam_questions; online_exam_submissions; enrollment; users / roles; users; global_settings; online_exams; online_exam_submissions / isolated SQLite fixtures; no live exam data","Most exam/attempt lookups and tests enforce school.","Bank subject create accepts another school's subject; upstream FK integrity absent.","Cross-tenant reference and content leakage risk.","Scope all related exists rules; add consistency validation/FKs after preflight.","HIGH"
"8 Security","Attempt ownership","IMPLEMENTED","E06: Delivery/eligibility source; OnlineExamStudentFrontendTest and StudentAttemptTest / E07: Client dirty-state/save/submit trace; server security tests / E18: 49 tests / 113 assertions passed; browser/concurrency coverage absent","app/Http/Controllers/OnlineExamController.php:1141-1454,1924-1945; app/Models/{OnlineExam,OnlineExamSubmission}.php; resources/views/student/online_exam/{instructions,list,take}.blade.php / resources/views/student/online_exam/take.blade.php:285-433; app/Http/Controllers/OnlineExamController.php:1456-1507; app/Http/Requests/OnlineExam/SaveOnlineExamAnswerRequest.php / tests/Feature/{OnlineExamAuthorizationTest,OnlineExamPermissionTest,OnlineExamControllerSecurityTest,TeacherOnlineExamTest,OnlineExamRemindersTest,OnlineExamStudentAttemptTest,OnlineExamStudentFrontendTest}.php; docs/online-exams-audit/existing-tests.txt","online_exams; online_exam_questions; online_exam_submissions; enrollment; users / online_exam_answers; online_exam_submissions / isolated SQLite fixtures; no live exam data","Submission student+school and question->exam checks; score injection prohibited; tests pass.","Not a full penetration-test certificate; workflow-level weaknesses documented separately.","Regression could expose candidate work.","Preserve endpoint scoping; add route/body mismatch and result-state tests.","MEDIUM"
"8 Security","Answer authorization","IMPLEMENTED","E06: Delivery/eligibility source; OnlineExamStudentFrontendTest and StudentAttemptTest / E07: Client dirty-state/save/submit trace; server security tests / E18: 49 tests / 113 assertions passed; browser/concurrency coverage absent","app/Http/Controllers/OnlineExamController.php:1141-1454,1924-1945; app/Models/{OnlineExam,OnlineExamSubmission}.php; resources/views/student/online_exam/{instructions,list,take}.blade.php / resources/views/student/online_exam/take.blade.php:285-433; app/Http/Controllers/OnlineExamController.php:1456-1507; app/Http/Requests/OnlineExam/SaveOnlineExamAnswerRequest.php / tests/Feature/{OnlineExamAuthorizationTest,OnlineExamPermissionTest,OnlineExamControllerSecurityTest,TeacherOnlineExamTest,OnlineExamRemindersTest,OnlineExamStudentAttemptTest,OnlineExamStudentFrontendTest}.php; docs/online-exams-audit/existing-tests.txt","online_exams; online_exam_questions; online_exam_submissions; enrollment; users / online_exam_answers; online_exam_submissions / isolated SQLite fixtures; no live exam data","Submission student+school and question->exam checks; score injection prohibited; tests pass.","Not a full penetration-test certificate; workflow-level weaknesses documented separately.","Regression could expose candidate work.","Preserve endpoint scoping; add route/body mismatch and result-state tests.","MEDIUM"
"8 Security","Question authorization on save","IMPLEMENTED","E06: Delivery/eligibility source; OnlineExamStudentFrontendTest and StudentAttemptTest / E07: Client dirty-state/save/submit trace; server security tests / E18: 49 tests / 113 assertions passed; browser/concurrency coverage absent","app/Http/Controllers/OnlineExamController.php:1141-1454,1924-1945; app/Models/{OnlineExam,OnlineExamSubmission}.php; resources/views/student/online_exam/{instructions,list,take}.blade.php / resources/views/student/online_exam/take.blade.php:285-433; app/Http/Controllers/OnlineExamController.php:1456-1507; app/Http/Requests/OnlineExam/SaveOnlineExamAnswerRequest.php / tests/Feature/{OnlineExamAuthorizationTest,OnlineExamPermissionTest,OnlineExamControllerSecurityTest,TeacherOnlineExamTest,OnlineExamRemindersTest,OnlineExamStudentAttemptTest,OnlineExamStudentFrontendTest}.php; docs/online-exams-audit/existing-tests.txt","online_exams; online_exam_questions; online_exam_submissions; enrollment; users / online_exam_answers; online_exam_submissions / isolated SQLite fixtures; no live exam data","Submission student+school and question->exam checks; score injection prohibited; tests pass.","Not a full penetration-test certificate; workflow-level weaknesses documented separately.","Regression could expose candidate work.","Preserve endpoint scoping; add route/body mismatch and result-state tests.","MEDIUM"
"8 Security","Direct URL manipulation defenses","IMPLEMENTED","E06: Delivery/eligibility source; OnlineExamStudentFrontendTest and StudentAttemptTest / E07: Client dirty-state/save/submit trace; server security tests / E18: 49 tests / 113 assertions passed; browser/concurrency coverage absent","app/Http/Controllers/OnlineExamController.php:1141-1454,1924-1945; app/Models/{OnlineExam,OnlineExamSubmission}.php; resources/views/student/online_exam/{instructions,list,take}.blade.php / resources/views/student/online_exam/take.blade.php:285-433; app/Http/Controllers/OnlineExamController.php:1456-1507; app/Http/Requests/OnlineExam/SaveOnlineExamAnswerRequest.php / tests/Feature/{OnlineExamAuthorizationTest,OnlineExamPermissionTest,OnlineExamControllerSecurityTest,TeacherOnlineExamTest,OnlineExamRemindersTest,OnlineExamStudentAttemptTest,OnlineExamStudentFrontendTest}.php; docs/online-exams-audit/existing-tests.txt","online_exams; online_exam_questions; online_exam_submissions; enrollment; users / online_exam_answers; online_exam_submissions / isolated SQLite fixtures; no live exam data","Submission student+school and question->exam checks; score injection prohibited; tests pass.","Not a full penetration-test certificate; workflow-level weaknesses documented separately.","Regression could expose candidate work.","Preserve endpoint scoping; add route/body mismatch and result-state tests.","MEDIUM"
"8 Security","Exam availability enforcement","PARTIAL","E06: Delivery/eligibility source; OnlineExamStudentFrontendTest and StudentAttemptTest / E08: Deadline/heartbeat/schedule source; expiry/window tests; live runtime timezone","app/Http/Controllers/OnlineExamController.php:1141-1454,1924-1945; app/Models/{OnlineExam,OnlineExamSubmission}.php; resources/views/student/online_exam/{instructions,list,take}.blade.php / app/Http/Controllers/OnlineExamController.php:1223-1380,1509-1522,1561-1567; app/Models/OnlineExamSubmission.php; app/Http/Requests/OnlineExam/StartOnlineExamRequest.php; app/Console/Kernel.php; resources/views/student/online_exam/take.blade.php:182-227; config/app.php","online_exams; online_exam_questions; online_exam_submissions; enrollment; users / online_exam_submissions; online_exams","Start checks publication/window/class.","Save/heartbeat do not enforce exam cancel/unpublish; take/submit do; programme not scoped.","Inconsistent cancellation and enrollment security.","Shared eligibility/state contract for active attempts.","HIGH"
"8 Security","Server timer enforcement","IMPLEMENTED","E08: Deadline/heartbeat/schedule source; expiry/window tests; live runtime timezone / E18: 49 tests / 113 assertions passed; browser/concurrency coverage absent","app/Http/Controllers/OnlineExamController.php:1223-1380,1509-1522,1561-1567; app/Models/OnlineExamSubmission.php; app/Http/Requests/OnlineExam/StartOnlineExamRequest.php; app/Console/Kernel.php; resources/views/student/online_exam/take.blade.php:182-227; config/app.php / tests/Feature/{OnlineExamAuthorizationTest,OnlineExamPermissionTest,OnlineExamControllerSecurityTest,TeacherOnlineExamTest,OnlineExamRemindersTest,OnlineExamStudentAttemptTest,OnlineExamStudentFrontendTest}.php; docs/online-exams-audit/existing-tests.txt","online_exam_submissions; online_exams / isolated SQLite fixtures; no live exam data","Expired saves rejected on server, deadline retained across refresh.","Autonomous finalization is separately partial.","Do not regress into browser-only time.","Keep and broaden boundary/concurrency tests.","HIGH"
"8 Security","Concurrent attempts","PARTIAL","E06: Delivery/eligibility source; OnlineExamStudentFrontendTest and StudentAttemptTest / E09: Marking/finalization trace; both runtime probe artifacts / E14: Live SHOW CREATE TABLE/SHOW INDEX inspection versus migrations/test schema","app/Http/Controllers/OnlineExamController.php:1141-1454,1924-1945; app/Models/{OnlineExam,OnlineExamSubmission}.php; resources/views/student/online_exam/{instructions,list,take}.blade.php / app/Http/Controllers/OnlineExamController.php:1046-1138,1548-1588,1604-1814; app/Http/Requests/OnlineExam/{SubmitOnlineExamRequest,ManualMarkAnswerRequest}.php; resources/views/student/online_exam/take.blade.php:144-149 / docs/online-exams-audit/live-schema.json; database/migrations/*online_exam*.php; database/migrations/2026_07_02_125458_create_question_banks_table.php; tests/Feature/Support/OnlineExamTestHelper.php","online_exams; online_exam_questions; online_exam_submissions; enrollment; users / online_exam_submissions; online_exam_answers; online_exam_questions / all seven exam/question-bank tables","Start locks exam; finalization locks submission and rejects repeats.","No unique attempt count; repeat request does not return same receipt; no multi-session enforcement.","Concurrency/retry instability.","Candidate-scoped allocation, unique constraints, idempotent terminal response.","HIGH"
"8 Security","Duplicate submissions","PARTIAL","E06: Delivery/eligibility source; OnlineExamStudentFrontendTest and StudentAttemptTest / E09: Marking/finalization trace; both runtime probe artifacts / E14: Live SHOW CREATE TABLE/SHOW INDEX inspection versus migrations/test schema","app/Http/Controllers/OnlineExamController.php:1141-1454,1924-1945; app/Models/{OnlineExam,OnlineExamSubmission}.php; resources/views/student/online_exam/{instructions,list,take}.blade.php / app/Http/Controllers/OnlineExamController.php:1046-1138,1548-1588,1604-1814; app/Http/Requests/OnlineExam/{SubmitOnlineExamRequest,ManualMarkAnswerRequest}.php; resources/views/student/online_exam/take.blade.php:144-149 / docs/online-exams-audit/live-schema.json; database/migrations/*online_exam*.php; database/migrations/2026_07_02_125458_create_question_banks_table.php; tests/Feature/Support/OnlineExamTestHelper.php","online_exams; online_exam_questions; online_exam_submissions; enrollment; users / online_exam_submissions; online_exam_answers; online_exam_questions / all seven exam/question-bank tables","Start locks exam; finalization locks submission and rejects repeats.","No unique attempt count; repeat request does not return same receipt; no multi-session enforcement.","Concurrency/retry instability.","Candidate-scoped allocation, unique constraints, idempotent terminal response.","HIGH"
"8 Security","Question/answer-key leakage prevention","PARTIAL","E05: Question type/form/validator/grading inspection; live-schema.json; T/F runtime probe / E06: Delivery/eligibility source; OnlineExamStudentFrontendTest and StudentAttemptTest","app/Models/{OnlineExamQuestion,QuestionBank}.php; app/Http/Requests/OnlineExam/{Store,Update}OnlineExamQuestionRequest.php; app/Http/Controllers/OnlineExamController.php:1695-1814; resources/views/{admin,teacher,student}/online_exam/ / app/Http/Controllers/OnlineExamController.php:1141-1454,1924-1945; app/Models/{OnlineExam,OnlineExamSubmission}.php; resources/views/student/online_exam/{instructions,list,take}.blade.php","question_banks; online_exam_questions; online_exam_answers / online_exams; online_exam_questions; online_exam_submissions; enrollment; users","Take/preview clear key; existing no-key test passes.","Models retain keys and append accessor, so future raw serialization is dangerous; no pre-start candidate manifest boundary.","Accidental API exposure on later changes.","Explicit candidate DTO/allowlist and leak tests for every response.","HIGH"
"8 Security","Result leakage prevention","BROKEN","E09: Marking/finalization trace; both runtime probe artifacts / E12: Result visibility and presentation source; premature-result/finalize probes","app/Http/Controllers/OnlineExamController.php:1046-1138,1548-1588,1604-1814; app/Http/Requests/OnlineExam/{SubmitOnlineExamRequest,ManualMarkAnswerRequest}.php; resources/views/student/online_exam/take.blade.php:144-149 / app/Models/OnlineExam.php:isResultVisibleFor; app/Models/OnlineExamSubmission.php; app/Http/Controllers/OnlineExamController.php:1569-1693; resources/views/{student,admin,teacher}/online_exam/results.blade.php (student uses result.blade.php)","online_exam_submissions; online_exam_answers; online_exam_questions / online_exam_submissions; online_exam_answers; online_exams","Other student's result denied.","Own unfinished/provisional result visible; manual policy not distinct release.","Premature official-looking outcome.","Publication gate requiring completed marking and permitted release.","CRITICAL"
"8 Security","Mass assignment protection","IMPLEMENTED","E02: Create/update/publish source; runtime-probes.json / E07: Client dirty-state/save/submit trace; server security tests / E18: 49 tests / 113 assertions passed; browser/concurrency coverage absent","app/Http/Controllers/OnlineExamController.php:48-374; app/Models/OnlineExam.php; app/Http/Requests/OnlineExam/{Store,Update}OnlineExamRequest.php; resources/views/admin/online_exam/ / resources/views/student/online_exam/take.blade.php:285-433; app/Http/Controllers/OnlineExamController.php:1456-1507; app/Http/Requests/OnlineExam/SaveOnlineExamAnswerRequest.php / tests/Feature/{OnlineExamAuthorizationTest,OnlineExamPermissionTest,OnlineExamControllerSecurityTest,TeacherOnlineExamTest,OnlineExamRemindersTest,OnlineExamStudentAttemptTest,OnlineExamStudentFrontendTest}.php; docs/online-exams-audit/existing-tests.txt","online_exams; online_exam_questions; subjects; classes / online_exam_answers; online_exam_submissions / isolated SQLite fixtures; no live exam data","Explicit validated payloads; student score/pass fields prohibited.","Broad model fillables must not be used for future unfiltered requests.","Future unsafe controller could bypass current safeguards.","Keep allowlisted request DTOs/tests.","MEDIUM"
"8 Security","Unsafe exam file uploads","MISSING","E05: Question type/form/validator/grading inspection; live-schema.json; T/F runtime probe / E11: Full event/camera/readiness/timeline trace; no recording pipeline found","app/Models/{OnlineExamQuestion,QuestionBank}.php; app/Http/Requests/OnlineExam/{Store,Update}OnlineExamQuestionRequest.php; app/Http/Controllers/OnlineExamController.php:1695-1814; resources/views/{admin,teacher,student}/online_exam/ / app/Http/Controllers/OnlineExamController.php:1238-1253,1524-1546,1629-1646; app/Models/OnlineExamProctoringEvent.php; app/Http/Requests/OnlineExam/{CameraReadinessRequest,ProctoringEventRequest}.php; resources/views/admin/online_exam/proctoring.blade.php; resources/views/student/online_exam/{instructions,take}.blade.php","question_banks; online_exam_questions; online_exam_answers / online_exam_proctoring_events; online_exam_submissions","No exam answer/evidence file ingestion; readiness prohibits image/file fields.","File question/evidence feature not implemented.","Future uploads would need a separate private pipeline.","Do not add raw public uploads; validate content, size and authorization when introduced.","HIGH"
"8 Security","SQL injection defenses","PARTIAL","E02: Create/update/publish source; runtime-probes.json / E05: Question type/form/validator/grading inspection; live-schema.json; T/F runtime probe / E19: Markup and browser-script inspection; no assistive-technology session run","app/Http/Controllers/OnlineExamController.php:48-374; app/Models/OnlineExam.php; app/Http/Requests/OnlineExam/{Store,Update}OnlineExamRequest.php; resources/views/admin/online_exam/ / app/Models/{OnlineExamQuestion,QuestionBank}.php; app/Http/Requests/OnlineExam/{Store,Update}OnlineExamQuestionRequest.php; app/Http/Controllers/OnlineExamController.php:1695-1814; resources/views/{admin,teacher,student}/online_exam/ / resources/views/student/online_exam/{instructions,take,result,list}.blade.php; resources/views/teacher/online_exam/question_form.blade.php; resources/views/admin/online_exam/modal.blade.php","online_exams; online_exam_questions; subjects; classes / question_banks; online_exam_questions; online_exam_answers / online_exams; online_exam_questions; online_exam_submissions","Exam queries bind Eloquent inputs; question/answer outputs use escaped Blade.","No broad exploit/browser payload test; future rich content needs sanitization.","Unverified surfaces or later unsafe rendering.","Add adversarial inputs; allowlist rich markup, private media, safe JS serialization.","HIGH"
"8 Security","XSS defenses","PARTIAL","E02: Create/update/publish source; runtime-probes.json / E05: Question type/form/validator/grading inspection; live-schema.json; T/F runtime probe / E19: Markup and browser-script inspection; no assistive-technology session run","app/Http/Controllers/OnlineExamController.php:48-374; app/Models/OnlineExam.php; app/Http/Requests/OnlineExam/{Store,Update}OnlineExamRequest.php; resources/views/admin/online_exam/ / app/Models/{OnlineExamQuestion,QuestionBank}.php; app/Http/Requests/OnlineExam/{Store,Update}OnlineExamQuestionRequest.php; app/Http/Controllers/OnlineExamController.php:1695-1814; resources/views/{admin,teacher,student}/online_exam/ / resources/views/student/online_exam/{instructions,take,result,list}.blade.php; resources/views/teacher/online_exam/question_form.blade.php; resources/views/admin/online_exam/modal.blade.php","online_exams; online_exam_questions; subjects; classes / question_banks; online_exam_questions; online_exam_answers / online_exams; online_exam_questions; online_exam_submissions","Exam queries bind Eloquent inputs; question/answer outputs use escaped Blade.","No broad exploit/browser payload test; future rich content needs sanitization.","Unverified surfaces or later unsafe rendering.","Add adversarial inputs; allowlist rich markup, private media, safe JS serialization.","HIGH"
"9 Anti-cheating","Question randomization","IMPLEMENTED","E06: Delivery/eligibility source; OnlineExamStudentFrontendTest and StudentAttemptTest","app/Http/Controllers/OnlineExamController.php:1141-1454,1924-1945; app/Models/{OnlineExam,OnlineExamSubmission}.php; resources/views/student/online_exam/{instructions,list,take}.blade.php","online_exams; online_exam_questions; online_exam_submissions; enrollment; users","Stable per-attempt ordering varies between attempts.","Same set and noncryptographic CRC32; not a secure browser.","Deterrent only.","Keep ordering; persist manifest and consider approved generator.","LOW"
"9 Anti-cheating","Answer randomization","IMPLEMENTED","E06: Delivery/eligibility source; OnlineExamStudentFrontendTest and StudentAttemptTest","app/Http/Controllers/OnlineExamController.php:1141-1454,1924-1945; app/Models/{OnlineExam,OnlineExamSubmission}.php; resources/views/student/online_exam/{instructions,list,take}.blade.php","online_exams; online_exam_questions; online_exam_submissions; enrollment; users","Stable per-attempt ordering varies between attempts.","Same set and noncryptographic CRC32; not a secure browser.","Deterrent only.","Keep ordering; persist manifest and consider approved generator.","LOW"
"9 Anti-cheating","Exam passwords","MISSING","E20: Filename + concept search and connected path inspection","docs/online-exams-audit/{core-search-files,concept-search-files}.txt; app/Http/Controllers/OnlineExamController.php; app/Models/OnlineExam*.php; routes/web.php; app/Console/Kernel.php","exam-owned tables; no supporting implementation found","No connected implementation found.","No supporting route/service/storage/UI workflow found.","Target workflow is unavailable.","Add only with clear threat model; codes supplement identity/eligibility, never replace them.","MEDIUM"
"9 Anti-cheating","Access codes","MISSING","E20: Filename + concept search and connected path inspection","docs/online-exams-audit/{core-search-files,concept-search-files}.txt; app/Http/Controllers/OnlineExamController.php; app/Models/OnlineExam*.php; routes/web.php; app/Console/Kernel.php","exam-owned tables; no supporting implementation found","No connected implementation found.","No supporting route/service/storage/UI workflow found.","Target workflow is unavailable.","Add only with clear threat model; codes supplement identity/eligibility, never replace them.","MEDIUM"
"9 Anti-cheating","Lockdown browser integration","MISSING","E20: Filename + concept search and connected path inspection","docs/online-exams-audit/{core-search-files,concept-search-files}.txt; app/Http/Controllers/OnlineExamController.php; app/Models/OnlineExam*.php; routes/web.php; app/Console/Kernel.php","exam-owned tables; no supporting implementation found","No connected implementation found.","No supporting route/service/storage/UI workflow found.","Target workflow is unavailable.","Add only with clear threat model; codes supplement identity/eligibility, never replace them.","MEDIUM"
"9 Anti-cheating","One active browser session","PLACEHOLDER","E06: Delivery/eligibility source; OnlineExamStudentFrontendTest and StudentAttemptTest / E08: Deadline/heartbeat/schedule source; expiry/window tests; live runtime timezone","app/Http/Controllers/OnlineExamController.php:1141-1454,1924-1945; app/Models/{OnlineExam,OnlineExamSubmission}.php; resources/views/student/online_exam/{instructions,list,take}.blade.php / app/Http/Controllers/OnlineExamController.php:1223-1380,1509-1522,1561-1567; app/Models/OnlineExamSubmission.php; app/Http/Requests/OnlineExam/StartOnlineExamRequest.php; app/Console/Kernel.php; resources/views/student/online_exam/take.blade.php:182-227; config/app.php","online_exams; online_exam_questions; online_exam_submissions; enrollment; users / online_exam_submissions; online_exams","browser_session_token column/generated UUID exist.","No request validates token; submitted browser token ignored.","Same account can operate attempt from another device.","Server-issued session binding and audited transfer/recovery policy.","HIGH"
"9 Anti-cheating","IP logging","IMPLEMENTED","E06: Delivery/eligibility source; OnlineExamStudentFrontendTest and StudentAttemptTest / E11: Full event/camera/readiness/timeline trace; no recording pipeline found","app/Http/Controllers/OnlineExamController.php:1141-1454,1924-1945; app/Models/{OnlineExam,OnlineExamSubmission}.php; resources/views/student/online_exam/{instructions,list,take}.blade.php / app/Http/Controllers/OnlineExamController.php:1238-1253,1524-1546,1629-1646; app/Models/OnlineExamProctoringEvent.php; app/Http/Requests/OnlineExam/{CameraReadinessRequest,ProctoringEventRequest}.php; resources/views/admin/online_exam/proctoring.blade.php; resources/views/student/online_exam/{instructions,take}.blade.php","online_exams; online_exam_questions; online_exam_submissions; enrollment; users / online_exam_proctoring_events; online_exam_submissions","Start records IP and User-Agent; staff timeline shows them.","Not trusted device identity or per-request fingerprint.","Shared networks and spoofed headers prevent cheating conclusions.","Keep as context; avoid automatic decisions.","LOW"
"9 Anti-cheating","Device/browser logging","IMPLEMENTED","E06: Delivery/eligibility source; OnlineExamStudentFrontendTest and StudentAttemptTest / E11: Full event/camera/readiness/timeline trace; no recording pipeline found","app/Http/Controllers/OnlineExamController.php:1141-1454,1924-1945; app/Models/{OnlineExam,OnlineExamSubmission}.php; resources/views/student/online_exam/{instructions,list,take}.blade.php / app/Http/Controllers/OnlineExamController.php:1238-1253,1524-1546,1629-1646; app/Models/OnlineExamProctoringEvent.php; app/Http/Requests/OnlineExam/{CameraReadinessRequest,ProctoringEventRequest}.php; resources/views/admin/online_exam/proctoring.blade.php; resources/views/student/online_exam/{instructions,take}.blade.php","online_exams; online_exam_questions; online_exam_submissions; enrollment; users / online_exam_proctoring_events; online_exam_submissions","Start records IP and User-Agent; staff timeline shows them.","Not trusted device identity or per-request fingerprint.","Shared networks and spoofed headers prevent cheating conclusions.","Keep as context; avoid automatic decisions.","LOW"
"9 Anti-cheating","Tab switching","PARTIAL","E07: Client dirty-state/save/submit trace; server security tests / E11: Full event/camera/readiness/timeline trace; no recording pipeline found","resources/views/student/online_exam/take.blade.php:285-433; app/Http/Controllers/OnlineExamController.php:1456-1507; app/Http/Requests/OnlineExam/SaveOnlineExamAnswerRequest.php / app/Http/Controllers/OnlineExamController.php:1238-1253,1524-1546,1629-1646; app/Models/OnlineExamProctoringEvent.php; app/Http/Requests/OnlineExam/{CameraReadinessRequest,ProctoringEventRequest}.php; resources/views/admin/online_exam/proctoring.blade.php; resources/views/student/online_exam/{instructions,take}.blade.php","online_exam_answers; online_exam_submissions / online_exam_proctoring_events; online_exam_submissions","visibilitychange/fullscreenchange events and overlay.","Client can suppress events; fullscreen initiation unreliable after navigation.","False confidence and false flags.","Treat as fallible evidence; browser tests and human review.","MEDIUM"
"9 Anti-cheating","Fullscreen monitoring","PARTIAL","E07: Client dirty-state/save/submit trace; server security tests / E11: Full event/camera/readiness/timeline trace; no recording pipeline found","resources/views/student/online_exam/take.blade.php:285-433; app/Http/Controllers/OnlineExamController.php:1456-1507; app/Http/Requests/OnlineExam/SaveOnlineExamAnswerRequest.php / app/Http/Controllers/OnlineExamController.php:1238-1253,1524-1546,1629-1646; app/Models/OnlineExamProctoringEvent.php; app/Http/Requests/OnlineExam/{CameraReadinessRequest,ProctoringEventRequest}.php; resources/views/admin/online_exam/proctoring.blade.php; resources/views/student/online_exam/{instructions,take}.blade.php","online_exam_answers; online_exam_submissions / online_exam_proctoring_events; online_exam_submissions","visibilitychange/fullscreenchange events and overlay.","Client can suppress events; fullscreen initiation unreliable after navigation.","False confidence and false flags.","Treat as fallible evidence; browser tests and human review.","MEDIUM"
"9 Anti-cheating","Focus loss","PARTIAL","E07: Client dirty-state/save/submit trace; server security tests","resources/views/student/online_exam/take.blade.php:285-433; app/Http/Controllers/OnlineExamController.php:1456-1507; app/Http/Requests/OnlineExam/SaveOnlineExamAnswerRequest.php","online_exam_answers; online_exam_submissions","Tab hidden/minimize often emits visibilitychange.","No complete blur/application focus observation.","Cannot detect all switches.","Describe limited telemetry accurately; do not claim OS control.","MEDIUM"
"9 Anti-cheating","Copy/paste events","PARTIAL","E07: Client dirty-state/save/submit trace; server security tests / E19: Markup and browser-script inspection; no assistive-technology session run","resources/views/student/online_exam/take.blade.php:285-433; app/Http/Controllers/OnlineExamController.php:1456-1507; app/Http/Requests/OnlineExam/SaveOnlineExamAnswerRequest.php / resources/views/student/online_exam/{instructions,take,result,list}.blade.php; resources/views/teacher/online_exam/question_form.blade.php; resources/views/admin/online_exam/modal.blade.php","online_exam_answers; online_exam_submissions / online_exams; online_exam_questions; online_exam_submissions","Events prevented globally; print stylesheet hides paper.","No copy/paste incident logging; JS bypassable, accessibility harmed.","Deterrent mistaken for security.","Optional policy with accessible alternatives; label limits.","MEDIUM"
"9 Anti-cheating","Right-click restrictions","PARTIAL","E07: Client dirty-state/save/submit trace; server security tests / E19: Markup and browser-script inspection; no assistive-technology session run","resources/views/student/online_exam/take.blade.php:285-433; app/Http/Controllers/OnlineExamController.php:1456-1507; app/Http/Requests/OnlineExam/SaveOnlineExamAnswerRequest.php / resources/views/student/online_exam/{instructions,take,result,list}.blade.php; resources/views/teacher/online_exam/question_form.blade.php; resources/views/admin/online_exam/modal.blade.php","online_exam_answers; online_exam_submissions / online_exams; online_exam_questions; online_exam_submissions","Events prevented globally; print stylesheet hides paper.","No copy/paste incident logging; JS bypassable, accessibility harmed.","Deterrent mistaken for security.","Optional policy with accessible alternatives; label limits.","MEDIUM"
"9 Anti-cheating","Multiple-monitor detection","MISSING","E20: Filename + concept search and connected path inspection","docs/online-exams-audit/{core-search-files,concept-search-files}.txt; app/Http/Controllers/OnlineExamController.php; app/Models/OnlineExam*.php; routes/web.php; app/Console/Kernel.php","exam-owned tables; no supporting implementation found","No connected implementation found.","No supporting route/service/storage/UI workflow found.","Target workflow is unavailable.","Only evaluate trusted client capability with explicit limitations; browser JS cannot certify monitor/phone absence.","LOW"
"10 Proctoring","Webcam","PARTIAL","E11: Full event/camera/readiness/timeline trace; no recording pipeline found","app/Http/Controllers/OnlineExamController.php:1238-1253,1524-1546,1629-1646; app/Models/OnlineExamProctoringEvent.php; app/Http/Requests/OnlineExam/{CameraReadinessRequest,ProctoringEventRequest}.php; resources/views/admin/online_exam/proctoring.blade.php; resources/views/student/online_exam/{instructions,take}.blade.php","online_exam_proctoring_events; online_exam_submissions","getUserMedia video preview and readiness booleans.","No camera startup/continuity on take page, no recording/upload.","Advertised continuous monitoring is absent.","Correct wording; implement consented session/media pipeline only in later phase.","HIGH"
"10 Proctoring","Microphone","MISSING","E11: Full event/camera/readiness/timeline trace; no recording pipeline found / E20: Filename + concept search and connected path inspection","app/Http/Controllers/OnlineExamController.php:1238-1253,1524-1546,1629-1646; app/Models/OnlineExamProctoringEvent.php; app/Http/Requests/OnlineExam/{CameraReadinessRequest,ProctoringEventRequest}.php; resources/views/admin/online_exam/proctoring.blade.php; resources/views/student/online_exam/{instructions,take}.blade.php / docs/online-exams-audit/{core-search-files,concept-search-files}.txt; app/Http/Controllers/OnlineExamController.php; app/Models/OnlineExam*.php; routes/web.php; app/Console/Kernel.php","online_exam_proctoring_events; online_exam_submissions / exam-owned tables; no supporting implementation found","No connected implementation found.","No supporting route/service/storage/UI workflow found.","Target workflow is unavailable.","Privacy-designed optional evidence pipeline; accuracy validation, accommodation and authorized human review.","MEDIUM"
"10 Proctoring","Screen capture","MISSING","E11: Full event/camera/readiness/timeline trace; no recording pipeline found / E20: Filename + concept search and connected path inspection","app/Http/Controllers/OnlineExamController.php:1238-1253,1524-1546,1629-1646; app/Models/OnlineExamProctoringEvent.php; app/Http/Requests/OnlineExam/{CameraReadinessRequest,ProctoringEventRequest}.php; resources/views/admin/online_exam/proctoring.blade.php; resources/views/student/online_exam/{instructions,take}.blade.php / docs/online-exams-audit/{core-search-files,concept-search-files}.txt; app/Http/Controllers/OnlineExamController.php; app/Models/OnlineExam*.php; routes/web.php; app/Console/Kernel.php","online_exam_proctoring_events; online_exam_submissions / exam-owned tables; no supporting implementation found","No connected implementation found.","No supporting route/service/storage/UI workflow found.","Target workflow is unavailable.","Privacy-designed optional evidence pipeline; accuracy validation, accommodation and authorized human review.","MEDIUM"
"10 Proctoring","Identity verification","MISSING","E11: Full event/camera/readiness/timeline trace; no recording pipeline found / E20: Filename + concept search and connected path inspection","app/Http/Controllers/OnlineExamController.php:1238-1253,1524-1546,1629-1646; app/Models/OnlineExamProctoringEvent.php; app/Http/Requests/OnlineExam/{CameraReadinessRequest,ProctoringEventRequest}.php; resources/views/admin/online_exam/proctoring.blade.php; resources/views/student/online_exam/{instructions,take}.blade.php / docs/online-exams-audit/{core-search-files,concept-search-files}.txt; app/Http/Controllers/OnlineExamController.php; app/Models/OnlineExam*.php; routes/web.php; app/Console/Kernel.php","online_exam_proctoring_events; online_exam_submissions / exam-owned tables; no supporting implementation found","No connected implementation found.","No supporting route/service/storage/UI workflow found.","Target workflow is unavailable.","Privacy-designed optional evidence pipeline; accuracy validation, accommodation and authorized human review.","MEDIUM"
"10 Proctoring","Candidate photo evidence","MISSING","E11: Full event/camera/readiness/timeline trace; no recording pipeline found / E20: Filename + concept search and connected path inspection","app/Http/Controllers/OnlineExamController.php:1238-1253,1524-1546,1629-1646; app/Models/OnlineExamProctoringEvent.php; app/Http/Requests/OnlineExam/{CameraReadinessRequest,ProctoringEventRequest}.php; resources/views/admin/online_exam/proctoring.blade.php; resources/views/student/online_exam/{instructions,take}.blade.php / docs/online-exams-audit/{core-search-files,concept-search-files}.txt; app/Http/Controllers/OnlineExamController.php; app/Models/OnlineExam*.php; routes/web.php; app/Console/Kernel.php","online_exam_proctoring_events; online_exam_submissions / exam-owned tables; no supporting implementation found","No connected implementation found.","No supporting route/service/storage/UI workflow found.","Target workflow is unavailable.","Privacy-designed optional evidence pipeline; accuracy validation, accommodation and authorized human review.","MEDIUM"
"10 Proctoring","ID verification","MISSING","E11: Full event/camera/readiness/timeline trace; no recording pipeline found / E20: Filename + concept search and connected path inspection","app/Http/Controllers/OnlineExamController.php:1238-1253,1524-1546,1629-1646; app/Models/OnlineExamProctoringEvent.php; app/Http/Requests/OnlineExam/{CameraReadinessRequest,ProctoringEventRequest}.php; resources/views/admin/online_exam/proctoring.blade.php; resources/views/student/online_exam/{instructions,take}.blade.php / docs/online-exams-audit/{core-search-files,concept-search-files}.txt; app/Http/Controllers/OnlineExamController.php; app/Models/OnlineExam*.php; routes/web.php; app/Console/Kernel.php","online_exam_proctoring_events; online_exam_submissions / exam-owned tables; no supporting implementation found","No connected implementation found.","No supporting route/service/storage/UI workflow found.","Target workflow is unavailable.","Privacy-designed optional evidence pipeline; accuracy validation, accommodation and authorized human review.","MEDIUM"
"10 Proctoring","Face detection","MISSING","E11: Full event/camera/readiness/timeline trace; no recording pipeline found / E20: Filename + concept search and connected path inspection","app/Http/Controllers/OnlineExamController.php:1238-1253,1524-1546,1629-1646; app/Models/OnlineExamProctoringEvent.php; app/Http/Requests/OnlineExam/{CameraReadinessRequest,ProctoringEventRequest}.php; resources/views/admin/online_exam/proctoring.blade.php; resources/views/student/online_exam/{instructions,take}.blade.php / docs/online-exams-audit/{core-search-files,concept-search-files}.txt; app/Http/Controllers/OnlineExamController.php; app/Models/OnlineExam*.php; routes/web.php; app/Console/Kernel.php","online_exam_proctoring_events; online_exam_submissions / exam-owned tables; no supporting implementation found","No connected implementation found.","No supporting route/service/storage/UI workflow found.","Target workflow is unavailable.","Privacy-designed optional evidence pipeline; accuracy validation, accommodation and authorized human review.","MEDIUM"
"10 Proctoring","Multiple-face detection","MISSING","E11: Full event/camera/readiness/timeline trace; no recording pipeline found / E20: Filename + concept search and connected path inspection","app/Http/Controllers/OnlineExamController.php:1238-1253,1524-1546,1629-1646; app/Models/OnlineExamProctoringEvent.php; app/Http/Requests/OnlineExam/{CameraReadinessRequest,ProctoringEventRequest}.php; resources/views/admin/online_exam/proctoring.blade.php; resources/views/student/online_exam/{instructions,take}.blade.php / docs/online-exams-audit/{core-search-files,concept-search-files}.txt; app/Http/Controllers/OnlineExamController.php; app/Models/OnlineExam*.php; routes/web.php; app/Console/Kernel.php","online_exam_proctoring_events; online_exam_submissions / exam-owned tables; no supporting implementation found","No connected implementation found.","No supporting route/service/storage/UI workflow found.","Target workflow is unavailable.","Privacy-designed optional evidence pipeline; accuracy validation, accommodation and authorized human review.","MEDIUM"
"10 Proctoring","Face absence detection","MISSING","E11: Full event/camera/readiness/timeline trace; no recording pipeline found / E20: Filename + concept search and connected path inspection","app/Http/Controllers/OnlineExamController.php:1238-1253,1524-1546,1629-1646; app/Models/OnlineExamProctoringEvent.php; app/Http/Requests/OnlineExam/{CameraReadinessRequest,ProctoringEventRequest}.php; resources/views/admin/online_exam/proctoring.blade.php; resources/views/student/online_exam/{instructions,take}.blade.php / docs/online-exams-audit/{core-search-files,concept-search-files}.txt; app/Http/Controllers/OnlineExamController.php; app/Models/OnlineExam*.php; routes/web.php; app/Console/Kernel.php","online_exam_proctoring_events; online_exam_submissions / exam-owned tables; no supporting implementation found","No connected implementation found.","No supporting route/service/storage/UI workflow found.","Target workflow is unavailable.","Privacy-designed optional evidence pipeline; accuracy validation, accommodation and authorized human review.","MEDIUM"
"10 Proctoring","Phone/object detection","MISSING","E11: Full event/camera/readiness/timeline trace; no recording pipeline found / E20: Filename + concept search and connected path inspection","app/Http/Controllers/OnlineExamController.php:1238-1253,1524-1546,1629-1646; app/Models/OnlineExamProctoringEvent.php; app/Http/Requests/OnlineExam/{CameraReadinessRequest,ProctoringEventRequest}.php; resources/views/admin/online_exam/proctoring.blade.php; resources/views/student/online_exam/{instructions,take}.blade.php / docs/online-exams-audit/{core-search-files,concept-search-files}.txt; app/Http/Controllers/OnlineExamController.php; app/Models/OnlineExam*.php; routes/web.php; app/Console/Kernel.php","online_exam_proctoring_events; online_exam_submissions / exam-owned tables; no supporting implementation found","No connected implementation found.","No supporting route/service/storage/UI workflow found.","Target workflow is unavailable.","Privacy-designed optional evidence pipeline; accuracy validation, accommodation and authorized human review.","MEDIUM"
"10 Proctoring","Audio anomalies","MISSING","E11: Full event/camera/readiness/timeline trace; no recording pipeline found / E20: Filename + concept search and connected path inspection","app/Http/Controllers/OnlineExamController.php:1238-1253,1524-1546,1629-1646; app/Models/OnlineExamProctoringEvent.php; app/Http/Requests/OnlineExam/{CameraReadinessRequest,ProctoringEventRequest}.php; resources/views/admin/online_exam/proctoring.blade.php; resources/views/student/online_exam/{instructions,take}.blade.php / docs/online-exams-audit/{core-search-files,concept-search-files}.txt; app/Http/Controllers/OnlineExamController.php; app/Models/OnlineExam*.php; routes/web.php; app/Console/Kernel.php","online_exam_proctoring_events; online_exam_submissions / exam-owned tables; no supporting implementation found","No connected implementation found.","No supporting route/service/storage/UI workflow found.","Target workflow is unavailable.","Privacy-designed optional evidence pipeline; accuracy validation, accommodation and authorized human review.","MEDIUM"
"10 Proctoring","Tab switching events","PARTIAL","E11: Full event/camera/readiness/timeline trace; no recording pipeline found","app/Http/Controllers/OnlineExamController.php:1238-1253,1524-1546,1629-1646; app/Models/OnlineExamProctoringEvent.php; app/Http/Requests/OnlineExam/{CameraReadinessRequest,ProctoringEventRequest}.php; resources/views/admin/online_exam/proctoring.blade.php; resources/views/student/online_exam/{instructions,take}.blade.php","online_exam_proctoring_events; online_exam_submissions","Allowed event endpoint; staff timeline highlights configured event types.","Client asserted/untrusted; no detection engine or validated incident decision.","False positives/absence of evidence misread.","Server receipt timestamps; dedupe/bounds; human classification.","HIGH"
"10 Proctoring","Fullscreen exits","PARTIAL","E11: Full event/camera/readiness/timeline trace; no recording pipeline found","app/Http/Controllers/OnlineExamController.php:1238-1253,1524-1546,1629-1646; app/Models/OnlineExamProctoringEvent.php; app/Http/Requests/OnlineExam/{CameraReadinessRequest,ProctoringEventRequest}.php; resources/views/admin/online_exam/proctoring.blade.php; resources/views/student/online_exam/{instructions,take}.blade.php","online_exam_proctoring_events; online_exam_submissions","Allowed event endpoint; staff timeline highlights configured event types.","Client asserted/untrusted; no detection engine or validated incident decision.","False positives/absence of evidence misread.","Server receipt timestamps; dedupe/bounds; human classification.","HIGH"
"10 Proctoring","Event timeline","PARTIAL","E11: Full event/camera/readiness/timeline trace; no recording pipeline found","app/Http/Controllers/OnlineExamController.php:1238-1253,1524-1546,1629-1646; app/Models/OnlineExamProctoringEvent.php; app/Http/Requests/OnlineExam/{CameraReadinessRequest,ProctoringEventRequest}.php; resources/views/admin/online_exam/proctoring.blade.php; resources/views/student/online_exam/{instructions,take}.blade.php","online_exam_proctoring_events; online_exam_submissions","Allowed event endpoint; staff timeline highlights configured event types.","Client asserted/untrusted; no detection engine or validated incident decision.","False positives/absence of evidence misread.","Server receipt timestamps; dedupe/bounds; human classification.","HIGH"
"10 Proctoring","Automated flags","PARTIAL","E11: Full event/camera/readiness/timeline trace; no recording pipeline found","app/Http/Controllers/OnlineExamController.php:1238-1253,1524-1546,1629-1646; app/Models/OnlineExamProctoringEvent.php; app/Http/Requests/OnlineExam/{CameraReadinessRequest,ProctoringEventRequest}.php; resources/views/admin/online_exam/proctoring.blade.php; resources/views/student/online_exam/{instructions,take}.blade.php","online_exam_proctoring_events; online_exam_submissions","Allowed event endpoint; staff timeline highlights configured event types.","Client asserted/untrusted; no detection engine or validated incident decision.","False positives/absence of evidence misread.","Server receipt timestamps; dedupe/bounds; human classification.","HIGH"
"10 Proctoring","Human review","PLACEHOLDER","E11: Full event/camera/readiness/timeline trace; no recording pipeline found","app/Http/Controllers/OnlineExamController.php:1238-1253,1524-1546,1629-1646; app/Models/OnlineExamProctoringEvent.php; app/Http/Requests/OnlineExam/{CameraReadinessRequest,ProctoringEventRequest}.php; resources/views/admin/online_exam/proctoring.blade.php; resources/views/student/online_exam/{instructions,take}.blade.php","online_exam_proctoring_events; online_exam_submissions","Timeline readable; reviewed_by/review_status columns and policy exist.","No review write endpoint/decision/notes/appeal trail.","No accountable review process.","Authorized review records and immutable decisions; never auto-convict.","HIGH"
"10 Proctoring","Incident review","PLACEHOLDER","E11: Full event/camera/readiness/timeline trace; no recording pipeline found","app/Http/Controllers/OnlineExamController.php:1238-1253,1524-1546,1629-1646; app/Models/OnlineExamProctoringEvent.php; app/Http/Requests/OnlineExam/{CameraReadinessRequest,ProctoringEventRequest}.php; resources/views/admin/online_exam/proctoring.blade.php; resources/views/student/online_exam/{instructions,take}.blade.php","online_exam_proctoring_events; online_exam_submissions","Timeline readable; reviewed_by/review_status columns and policy exist.","No review write endpoint/decision/notes/appeal trail.","No accountable review process.","Authorized review records and immutable decisions; never auto-convict.","HIGH"
"10 Proctoring","Recorded evidence","MISSING","E11: Full event/camera/readiness/timeline trace; no recording pipeline found / E20: Filename + concept search and connected path inspection","app/Http/Controllers/OnlineExamController.php:1238-1253,1524-1546,1629-1646; app/Models/OnlineExamProctoringEvent.php; app/Http/Requests/OnlineExam/{CameraReadinessRequest,ProctoringEventRequest}.php; resources/views/admin/online_exam/proctoring.blade.php; resources/views/student/online_exam/{instructions,take}.blade.php / docs/online-exams-audit/{core-search-files,concept-search-files}.txt; app/Http/Controllers/OnlineExamController.php; app/Models/OnlineExam*.php; routes/web.php; app/Console/Kernel.php","online_exam_proctoring_events; online_exam_submissions / exam-owned tables; no supporting implementation found","No connected implementation found.","No supporting route/service/storage/UI workflow found.","Target workflow is unavailable.","Add exam-owned control room/evidence service after engine/privacy prerequisites.","HIGH"
"10 Proctoring","Live invigilator dashboard","MISSING","E11: Full event/camera/readiness/timeline trace; no recording pipeline found / E20: Filename + concept search and connected path inspection","app/Http/Controllers/OnlineExamController.php:1238-1253,1524-1546,1629-1646; app/Models/OnlineExamProctoringEvent.php; app/Http/Requests/OnlineExam/{CameraReadinessRequest,ProctoringEventRequest}.php; resources/views/admin/online_exam/proctoring.blade.php; resources/views/student/online_exam/{instructions,take}.blade.php / docs/online-exams-audit/{core-search-files,concept-search-files}.txt; app/Http/Controllers/OnlineExamController.php; app/Models/OnlineExam*.php; routes/web.php; app/Console/Kernel.php","online_exam_proctoring_events; online_exam_submissions / exam-owned tables; no supporting implementation found","No connected implementation found.","No supporting route/service/storage/UI workflow found.","Target workflow is unavailable.","Add exam-owned control room/evidence service after engine/privacy prerequisites.","HIGH"
"11 Control room","Active candidate list","PARTIAL","E03: Teacher workflow source; TeacherOnlineExamTest; runtime-probes.json / E11: Full event/camera/readiness/timeline trace; no recording pipeline found","app/Http/Controllers/OnlineExamController.php:455-1138,1816-1850; resources/views/teacher/online_exam/; app/Http/Requests/OnlineExam/UpdateOnlineExamRequest.php:23 / app/Http/Controllers/OnlineExamController.php:1238-1253,1524-1546,1629-1646; app/Models/OnlineExamProctoringEvent.php; app/Http/Requests/OnlineExam/{CameraReadinessRequest,ProctoringEventRequest}.php; resources/views/admin/online_exam/proctoring.blade.php; resources/views/student/online_exam/{instructions,take}.blade.php","online_exams; online_exam_questions; teacher_permissions; teacher_programme_assignments; subjects / online_exam_proctoring_events; online_exam_submissions","Paginated attempts with status, start/expiry and event counts.","Static staff pages, no live cohort roster/status reconciliation.","Cannot run a real-time exam room.","Reuse attempt data in scoped control-room read model.","MEDIUM"
"11 Control room","Submitted candidate list","PARTIAL","E03: Teacher workflow source; TeacherOnlineExamTest; runtime-probes.json / E11: Full event/camera/readiness/timeline trace; no recording pipeline found","app/Http/Controllers/OnlineExamController.php:455-1138,1816-1850; resources/views/teacher/online_exam/; app/Http/Requests/OnlineExam/UpdateOnlineExamRequest.php:23 / app/Http/Controllers/OnlineExamController.php:1238-1253,1524-1546,1629-1646; app/Models/OnlineExamProctoringEvent.php; app/Http/Requests/OnlineExam/{CameraReadinessRequest,ProctoringEventRequest}.php; resources/views/admin/online_exam/proctoring.blade.php; resources/views/student/online_exam/{instructions,take}.blade.php","online_exams; online_exam_questions; teacher_permissions; teacher_programme_assignments; subjects / online_exam_proctoring_events; online_exam_submissions","Paginated attempts with status, start/expiry and event counts.","Static staff pages, no live cohort roster/status reconciliation.","Cannot run a real-time exam room.","Reuse attempt data in scoped control-room read model.","MEDIUM"
"11 Control room","Registered candidates","MISSING","E11: Full event/camera/readiness/timeline trace; no recording pipeline found / E20: Filename + concept search and connected path inspection","app/Http/Controllers/OnlineExamController.php:1238-1253,1524-1546,1629-1646; app/Models/OnlineExamProctoringEvent.php; app/Http/Requests/OnlineExam/{CameraReadinessRequest,ProctoringEventRequest}.php; resources/views/admin/online_exam/proctoring.blade.php; resources/views/student/online_exam/{instructions,take}.blade.php / docs/online-exams-audit/{core-search-files,concept-search-files}.txt; app/Http/Controllers/OnlineExamController.php; app/Models/OnlineExam*.php; routes/web.php; app/Console/Kernel.php","online_exam_proctoring_events; online_exam_submissions / exam-owned tables; no supporting implementation found","No connected implementation found.","No supporting route/service/storage/UI workflow found.","Target workflow is unavailable.","Authorized invigilator actions on exam-owned attempts with explicit reason, approval and audit; read authoritative enrollment roster.","HIGH"
"11 Control room","Not Started candidates","MISSING","E11: Full event/camera/readiness/timeline trace; no recording pipeline found / E20: Filename + concept search and connected path inspection","app/Http/Controllers/OnlineExamController.php:1238-1253,1524-1546,1629-1646; app/Models/OnlineExamProctoringEvent.php; app/Http/Requests/OnlineExam/{CameraReadinessRequest,ProctoringEventRequest}.php; resources/views/admin/online_exam/proctoring.blade.php; resources/views/student/online_exam/{instructions,take}.blade.php / docs/online-exams-audit/{core-search-files,concept-search-files}.txt; app/Http/Controllers/OnlineExamController.php; app/Models/OnlineExam*.php; routes/web.php; app/Console/Kernel.php","online_exam_proctoring_events; online_exam_submissions / exam-owned tables; no supporting implementation found","No connected implementation found.","No supporting route/service/storage/UI workflow found.","Target workflow is unavailable.","Authorized invigilator actions on exam-owned attempts with explicit reason, approval and audit; read authoritative enrollment roster.","HIGH"
"11 Control room","Disconnected candidates","MISSING","E11: Full event/camera/readiness/timeline trace; no recording pipeline found / E20: Filename + concept search and connected path inspection","app/Http/Controllers/OnlineExamController.php:1238-1253,1524-1546,1629-1646; app/Models/OnlineExamProctoringEvent.php; app/Http/Requests/OnlineExam/{CameraReadinessRequest,ProctoringEventRequest}.php; resources/views/admin/online_exam/proctoring.blade.php; resources/views/student/online_exam/{instructions,take}.blade.php / docs/online-exams-audit/{core-search-files,concept-search-files}.txt; app/Http/Controllers/OnlineExamController.php; app/Models/OnlineExam*.php; routes/web.php; app/Console/Kernel.php","online_exam_proctoring_events; online_exam_submissions / exam-owned tables; no supporting implementation found","No connected implementation found.","No supporting route/service/storage/UI workflow found.","Target workflow is unavailable.","Authorized invigilator actions on exam-owned attempts with explicit reason, approval and audit; read authoritative enrollment roster.","HIGH"
"11 Control room","Flagged candidates dashboard","MISSING","E11: Full event/camera/readiness/timeline trace; no recording pipeline found / E20: Filename + concept search and connected path inspection","app/Http/Controllers/OnlineExamController.php:1238-1253,1524-1546,1629-1646; app/Models/OnlineExamProctoringEvent.php; app/Http/Requests/OnlineExam/{CameraReadinessRequest,ProctoringEventRequest}.php; resources/views/admin/online_exam/proctoring.blade.php; resources/views/student/online_exam/{instructions,take}.blade.php / docs/online-exams-audit/{core-search-files,concept-search-files}.txt; app/Http/Controllers/OnlineExamController.php; app/Models/OnlineExam*.php; routes/web.php; app/Console/Kernel.php","online_exam_proctoring_events; online_exam_submissions / exam-owned tables; no supporting implementation found","No connected implementation found.","No supporting route/service/storage/UI workflow found.","Target workflow is unavailable.","Authorized invigilator actions on exam-owned attempts with explicit reason, approval and audit; read authoritative enrollment roster.","HIGH"
"11 Control room","Inspect candidate live","MISSING","E11: Full event/camera/readiness/timeline trace; no recording pipeline found / E20: Filename + concept search and connected path inspection","app/Http/Controllers/OnlineExamController.php:1238-1253,1524-1546,1629-1646; app/Models/OnlineExamProctoringEvent.php; app/Http/Requests/OnlineExam/{CameraReadinessRequest,ProctoringEventRequest}.php; resources/views/admin/online_exam/proctoring.blade.php; resources/views/student/online_exam/{instructions,take}.blade.php / docs/online-exams-audit/{core-search-files,concept-search-files}.txt; app/Http/Controllers/OnlineExamController.php; app/Models/OnlineExam*.php; routes/web.php; app/Console/Kernel.php","online_exam_proctoring_events; online_exam_submissions / exam-owned tables; no supporting implementation found","No connected implementation found.","No supporting route/service/storage/UI workflow found.","Target workflow is unavailable.","Authorized invigilator actions on exam-owned attempts with explicit reason, approval and audit; read authoritative enrollment roster.","HIGH"
"11 Control room","See connectivity","MISSING","E11: Full event/camera/readiness/timeline trace; no recording pipeline found / E20: Filename + concept search and connected path inspection","app/Http/Controllers/OnlineExamController.php:1238-1253,1524-1546,1629-1646; app/Models/OnlineExamProctoringEvent.php; app/Http/Requests/OnlineExam/{CameraReadinessRequest,ProctoringEventRequest}.php; resources/views/admin/online_exam/proctoring.blade.php; resources/views/student/online_exam/{instructions,take}.blade.php / docs/online-exams-audit/{core-search-files,concept-search-files}.txt; app/Http/Controllers/OnlineExamController.php; app/Models/OnlineExam*.php; routes/web.php; app/Console/Kernel.php","online_exam_proctoring_events; online_exam_submissions / exam-owned tables; no supporting implementation found","No connected implementation found.","No supporting route/service/storage/UI workflow found.","Target workflow is unavailable.","Authorized invigilator actions on exam-owned attempts with explicit reason, approval and audit; read authoritative enrollment roster.","HIGH"
"11 Control room","See remaining time live","MISSING","E11: Full event/camera/readiness/timeline trace; no recording pipeline found / E20: Filename + concept search and connected path inspection","app/Http/Controllers/OnlineExamController.php:1238-1253,1524-1546,1629-1646; app/Models/OnlineExamProctoringEvent.php; app/Http/Requests/OnlineExam/{CameraReadinessRequest,ProctoringEventRequest}.php; resources/views/admin/online_exam/proctoring.blade.php; resources/views/student/online_exam/{instructions,take}.blade.php / docs/online-exams-audit/{core-search-files,concept-search-files}.txt; app/Http/Controllers/OnlineExamController.php; app/Models/OnlineExam*.php; routes/web.php; app/Console/Kernel.php","online_exam_proctoring_events; online_exam_submissions / exam-owned tables; no supporting implementation found","No connected implementation found.","No supporting route/service/storage/UI workflow found.","Target workflow is unavailable.","Authorized invigilator actions on exam-owned attempts with explicit reason, approval and audit; read authoritative enrollment roster.","HIGH"
"11 Control room","Record incident","MISSING","E11: Full event/camera/readiness/timeline trace; no recording pipeline found / E20: Filename + concept search and connected path inspection","app/Http/Controllers/OnlineExamController.php:1238-1253,1524-1546,1629-1646; app/Models/OnlineExamProctoringEvent.php; app/Http/Requests/OnlineExam/{CameraReadinessRequest,ProctoringEventRequest}.php; resources/views/admin/online_exam/proctoring.blade.php; resources/views/student/online_exam/{instructions,take}.blade.php / docs/online-exams-audit/{core-search-files,concept-search-files}.txt; app/Http/Controllers/OnlineExamController.php; app/Models/OnlineExam*.php; routes/web.php; app/Console/Kernel.php","online_exam_proctoring_events; online_exam_submissions / exam-owned tables; no supporting implementation found","No connected implementation found.","No supporting route/service/storage/UI workflow found.","Target workflow is unavailable.","Authorized invigilator actions on exam-owned attempts with explicit reason, approval and audit; read authoritative enrollment roster.","HIGH"
"11 Control room","Grant approved extra time","MISSING","E11: Full event/camera/readiness/timeline trace; no recording pipeline found / E20: Filename + concept search and connected path inspection","app/Http/Controllers/OnlineExamController.php:1238-1253,1524-1546,1629-1646; app/Models/OnlineExamProctoringEvent.php; app/Http/Requests/OnlineExam/{CameraReadinessRequest,ProctoringEventRequest}.php; resources/views/admin/online_exam/proctoring.blade.php; resources/views/student/online_exam/{instructions,take}.blade.php / docs/online-exams-audit/{core-search-files,concept-search-files}.txt; app/Http/Controllers/OnlineExamController.php; app/Models/OnlineExam*.php; routes/web.php; app/Console/Kernel.php","online_exam_proctoring_events; online_exam_submissions / exam-owned tables; no supporting implementation found","No connected implementation found.","No supporting route/service/storage/UI workflow found.","Target workflow is unavailable.","Authorized invigilator actions on exam-owned attempts with explicit reason, approval and audit; read authoritative enrollment roster.","HIGH"
"11 Control room","Pause/resume candidate","MISSING","E11: Full event/camera/readiness/timeline trace; no recording pipeline found / E20: Filename + concept search and connected path inspection","app/Http/Controllers/OnlineExamController.php:1238-1253,1524-1546,1629-1646; app/Models/OnlineExamProctoringEvent.php; app/Http/Requests/OnlineExam/{CameraReadinessRequest,ProctoringEventRequest}.php; resources/views/admin/online_exam/proctoring.blade.php; resources/views/student/online_exam/{instructions,take}.blade.php / docs/online-exams-audit/{core-search-files,concept-search-files}.txt; app/Http/Controllers/OnlineExamController.php; app/Models/OnlineExam*.php; routes/web.php; app/Console/Kernel.php","online_exam_proctoring_events; online_exam_submissions / exam-owned tables; no supporting implementation found","No connected implementation found.","No supporting route/service/storage/UI workflow found.","Target workflow is unavailable.","Authorized invigilator actions on exam-owned attempts with explicit reason, approval and audit; read authoritative enrollment roster.","HIGH"
"11 Control room","Terminate attempt","MISSING","E11: Full event/camera/readiness/timeline trace; no recording pipeline found / E20: Filename + concept search and connected path inspection","app/Http/Controllers/OnlineExamController.php:1238-1253,1524-1546,1629-1646; app/Models/OnlineExamProctoringEvent.php; app/Http/Requests/OnlineExam/{CameraReadinessRequest,ProctoringEventRequest}.php; resources/views/admin/online_exam/proctoring.blade.php; resources/views/student/online_exam/{instructions,take}.blade.php / docs/online-exams-audit/{core-search-files,concept-search-files}.txt; app/Http/Controllers/OnlineExamController.php; app/Models/OnlineExam*.php; routes/web.php; app/Console/Kernel.php","online_exam_proctoring_events; online_exam_submissions / exam-owned tables; no supporting implementation found","No connected implementation found.","No supporting route/service/storage/UI workflow found.","Target workflow is unavailable.","Authorized invigilator actions on exam-owned attempts with explicit reason, approval and audit; read authoritative enrollment roster.","HIGH"
"11 Control room","Reopen attempt","MISSING","E11: Full event/camera/readiness/timeline trace; no recording pipeline found / E20: Filename + concept search and connected path inspection","app/Http/Controllers/OnlineExamController.php:1238-1253,1524-1546,1629-1646; app/Models/OnlineExamProctoringEvent.php; app/Http/Requests/OnlineExam/{CameraReadinessRequest,ProctoringEventRequest}.php; resources/views/admin/online_exam/proctoring.blade.php; resources/views/student/online_exam/{instructions,take}.blade.php / docs/online-exams-audit/{core-search-files,concept-search-files}.txt; app/Http/Controllers/OnlineExamController.php; app/Models/OnlineExam*.php; routes/web.php; app/Console/Kernel.php","online_exam_proctoring_events; online_exam_submissions / exam-owned tables; no supporting implementation found","No connected implementation found.","No supporting route/service/storage/UI workflow found.","Target workflow is unavailable.","Authorized invigilator actions on exam-owned attempts with explicit reason, approval and audit; read authoritative enrollment roster.","HIGH"
"11 Control room","Review candidate events","PARTIAL","E11: Full event/camera/readiness/timeline trace; no recording pipeline found","app/Http/Controllers/OnlineExamController.php:1238-1253,1524-1546,1629-1646; app/Models/OnlineExamProctoringEvent.php; app/Http/Requests/OnlineExam/{CameraReadinessRequest,ProctoringEventRequest}.php; resources/views/admin/online_exam/proctoring.blade.php; resources/views/student/online_exam/{instructions,take}.blade.php","online_exam_proctoring_events; online_exam_submissions","Admin per-submission event timeline exists.","Examiner role often denied by edit-dependent policy; no decision capture.","Review access/workflow incomplete.","Dedicated review permission independent of content editing.","HIGH"
"11 Control room","Audit every intervention","MISSING","E15: Audit sink/call-site inspection; no immutable exam revision table / E20: Filename + concept search and connected path inspection","app/Models/AuditLog.php; app/Providers/AuditServiceProvider.php; app/Http/Middleware/TrackModuleAccess.php; app/Http/Controllers/OnlineExamController.php / docs/online-exams-audit/{core-search-files,concept-search-files}.txt; app/Http/Controllers/OnlineExamController.php; app/Models/OnlineExam*.php; routes/web.php; app/Console/Kernel.php","audit_logs; online_exam_proctoring_events; online_exam_answers / exam-owned tables; no supporting implementation found","Selected existing controller actions logged.","No implemented control-room interventions or immutable intervention ledger.","High-stakes actions would be unauditable.","Append-only intervention records plus shared AuditLog integration.","HIGH"
"12 Grading","Automatic grading","PARTIAL","E05: Question type/form/validator/grading inspection; live-schema.json; T/F runtime probe / E09: Marking/finalization trace; both runtime probe artifacts","app/Models/{OnlineExamQuestion,QuestionBank}.php; app/Http/Requests/OnlineExam/{Store,Update}OnlineExamQuestionRequest.php; app/Http/Controllers/OnlineExamController.php:1695-1814; resources/views/{admin,teacher,student}/online_exam/ / app/Http/Controllers/OnlineExamController.php:1046-1138,1548-1588,1604-1814; app/Http/Requests/OnlineExam/{SubmitOnlineExamRequest,ManualMarkAnswerRequest}.php; resources/views/student/online_exam/take.blade.php:144-149","question_banks; online_exam_questions; online_exam_answers / online_exam_submissions; online_exam_answers; online_exam_questions","MCQ/T-F exact-key marking of saved answer rows.","Invalid T/F key path, no typed rule snapshot, no numeric/partial automated rules.","Wrong score or unreproducible appeal.","Canonical typed grading service and snapshots.","HIGH"
"12 Grading","Manual grading","PARTIAL","E09: Marking/finalization trace; both runtime probe artifacts","app/Http/Controllers/OnlineExamController.php:1046-1138,1548-1588,1604-1814; app/Http/Requests/OnlineExam/{SubmitOnlineExamRequest,ManualMarkAnswerRequest}.php; resources/views/student/online_exam/take.blade.php:144-149","online_exam_submissions; online_exam_answers; online_exam_questions","Bounds, marker, marked_at and comment work; tests pass.","Active marking permitted; admin premature finalize; comment not candidate-visible.","Candidate disrupted/incomplete official score.","Completed-attempt guard and explicit grading/publication lifecycle.","HIGH"
"12 Grading","Partial manual marks","PARTIAL","E09: Marking/finalization trace; both runtime probe artifacts","app/Http/Controllers/OnlineExamController.php:1046-1138,1548-1588,1604-1814; app/Http/Requests/OnlineExam/{SubmitOnlineExamRequest,ManualMarkAnswerRequest}.php; resources/views/student/online_exam/take.blade.php:144-149","online_exam_submissions; online_exam_answers; online_exam_questions","Bounds, marker, marked_at and comment work; tests pass.","Active marking permitted; admin premature finalize; comment not candidate-visible.","Candidate disrupted/incomplete official score.","Completed-attempt guard and explicit grading/publication lifecycle.","HIGH"
"12 Grading","Marker comments","PARTIAL","E09: Marking/finalization trace; both runtime probe artifacts","app/Http/Controllers/OnlineExamController.php:1046-1138,1548-1588,1604-1814; app/Http/Requests/OnlineExam/{SubmitOnlineExamRequest,ManualMarkAnswerRequest}.php; resources/views/student/online_exam/take.blade.php:144-149","online_exam_submissions; online_exam_answers; online_exam_questions","Bounds, marker, marked_at and comment work; tests pass.","Active marking permitted; admin premature finalize; comment not candidate-visible.","Candidate disrupted/incomplete official score.","Completed-attempt guard and explicit grading/publication lifecycle.","HIGH"
"12 Grading","Negative marks","MISSING","E09: Marking/finalization trace; both runtime probe artifacts / E15: Audit sink/call-site inspection; no immutable exam revision table / E20: Filename + concept search and connected path inspection","app/Http/Controllers/OnlineExamController.php:1046-1138,1548-1588,1604-1814; app/Http/Requests/OnlineExam/{SubmitOnlineExamRequest,ManualMarkAnswerRequest}.php; resources/views/student/online_exam/take.blade.php:144-149 / app/Models/AuditLog.php; app/Providers/AuditServiceProvider.php; app/Http/Middleware/TrackModuleAccess.php; app/Http/Controllers/OnlineExamController.php / docs/online-exams-audit/{core-search-files,concept-search-files}.txt; app/Http/Controllers/OnlineExamController.php; app/Models/OnlineExam*.php; routes/web.php; app/Console/Kernel.php","online_exam_submissions; online_exam_answers; online_exam_questions / audit_logs; online_exam_proctoring_events; online_exam_answers / exam-owned tables; no supporting implementation found","No connected implementation found.","No supporting route/service/storage/UI workflow found.","Target workflow is unavailable.","Add versioned marking rules/revisions and role-separated review; preserve original answers/scores.","MEDIUM"
"12 Grading","Numerical tolerance","MISSING","E09: Marking/finalization trace; both runtime probe artifacts / E15: Audit sink/call-site inspection; no immutable exam revision table / E20: Filename + concept search and connected path inspection","app/Http/Controllers/OnlineExamController.php:1046-1138,1548-1588,1604-1814; app/Http/Requests/OnlineExam/{SubmitOnlineExamRequest,ManualMarkAnswerRequest}.php; resources/views/student/online_exam/take.blade.php:144-149 / app/Models/AuditLog.php; app/Providers/AuditServiceProvider.php; app/Http/Middleware/TrackModuleAccess.php; app/Http/Controllers/OnlineExamController.php / docs/online-exams-audit/{core-search-files,concept-search-files}.txt; app/Http/Controllers/OnlineExamController.php; app/Models/OnlineExam*.php; routes/web.php; app/Console/Kernel.php","online_exam_submissions; online_exam_answers; online_exam_questions / audit_logs; online_exam_proctoring_events; online_exam_answers / exam-owned tables; no supporting implementation found","No connected implementation found.","No supporting route/service/storage/UI workflow found.","Target workflow is unavailable.","Add versioned marking rules/revisions and role-separated review; preserve original answers/scores.","MEDIUM"
"12 Grading","Rubrics","MISSING","E09: Marking/finalization trace; both runtime probe artifacts / E15: Audit sink/call-site inspection; no immutable exam revision table / E20: Filename + concept search and connected path inspection","app/Http/Controllers/OnlineExamController.php:1046-1138,1548-1588,1604-1814; app/Http/Requests/OnlineExam/{SubmitOnlineExamRequest,ManualMarkAnswerRequest}.php; resources/views/student/online_exam/take.blade.php:144-149 / app/Models/AuditLog.php; app/Providers/AuditServiceProvider.php; app/Http/Middleware/TrackModuleAccess.php; app/Http/Controllers/OnlineExamController.php / docs/online-exams-audit/{core-search-files,concept-search-files}.txt; app/Http/Controllers/OnlineExamController.php; app/Models/OnlineExam*.php; routes/web.php; app/Console/Kernel.php","online_exam_submissions; online_exam_answers; online_exam_questions / audit_logs; online_exam_proctoring_events; online_exam_answers / exam-owned tables; no supporting implementation found","No connected implementation found.","No supporting route/service/storage/UI workflow found.","Target workflow is unavailable.","Add versioned marking rules/revisions and role-separated review; preserve original answers/scores.","MEDIUM"
"12 Grading","Annotations","MISSING","E09: Marking/finalization trace; both runtime probe artifacts / E15: Audit sink/call-site inspection; no immutable exam revision table / E20: Filename + concept search and connected path inspection","app/Http/Controllers/OnlineExamController.php:1046-1138,1548-1588,1604-1814; app/Http/Requests/OnlineExam/{SubmitOnlineExamRequest,ManualMarkAnswerRequest}.php; resources/views/student/online_exam/take.blade.php:144-149 / app/Models/AuditLog.php; app/Providers/AuditServiceProvider.php; app/Http/Middleware/TrackModuleAccess.php; app/Http/Controllers/OnlineExamController.php / docs/online-exams-audit/{core-search-files,concept-search-files}.txt; app/Http/Controllers/OnlineExamController.php; app/Models/OnlineExam*.php; routes/web.php; app/Console/Kernel.php","online_exam_submissions; online_exam_answers; online_exam_questions / audit_logs; online_exam_proctoring_events; online_exam_answers / exam-owned tables; no supporting implementation found","No connected implementation found.","No supporting route/service/storage/UI workflow found.","Target workflow is unavailable.","Add versioned marking rules/revisions and role-separated review; preserve original answers/scores.","MEDIUM"
"12 Grading","Blind marking","MISSING","E09: Marking/finalization trace; both runtime probe artifacts / E15: Audit sink/call-site inspection; no immutable exam revision table / E20: Filename + concept search and connected path inspection","app/Http/Controllers/OnlineExamController.php:1046-1138,1548-1588,1604-1814; app/Http/Requests/OnlineExam/{SubmitOnlineExamRequest,ManualMarkAnswerRequest}.php; resources/views/student/online_exam/take.blade.php:144-149 / app/Models/AuditLog.php; app/Providers/AuditServiceProvider.php; app/Http/Middleware/TrackModuleAccess.php; app/Http/Controllers/OnlineExamController.php / docs/online-exams-audit/{core-search-files,concept-search-files}.txt; app/Http/Controllers/OnlineExamController.php; app/Models/OnlineExam*.php; routes/web.php; app/Console/Kernel.php","online_exam_submissions; online_exam_answers; online_exam_questions / audit_logs; online_exam_proctoring_events; online_exam_answers / exam-owned tables; no supporting implementation found","No connected implementation found.","No supporting route/service/storage/UI workflow found.","Target workflow is unavailable.","Add versioned marking rules/revisions and role-separated review; preserve original answers/scores.","MEDIUM"
"12 Grading","Anonymous marking","MISSING","E09: Marking/finalization trace; both runtime probe artifacts / E15: Audit sink/call-site inspection; no immutable exam revision table / E20: Filename + concept search and connected path inspection","app/Http/Controllers/OnlineExamController.php:1046-1138,1548-1588,1604-1814; app/Http/Requests/OnlineExam/{SubmitOnlineExamRequest,ManualMarkAnswerRequest}.php; resources/views/student/online_exam/take.blade.php:144-149 / app/Models/AuditLog.php; app/Providers/AuditServiceProvider.php; app/Http/Middleware/TrackModuleAccess.php; app/Http/Controllers/OnlineExamController.php / docs/online-exams-audit/{core-search-files,concept-search-files}.txt; app/Http/Controllers/OnlineExamController.php; app/Models/OnlineExam*.php; routes/web.php; app/Console/Kernel.php","online_exam_submissions; online_exam_answers; online_exam_questions / audit_logs; online_exam_proctoring_events; online_exam_answers / exam-owned tables; no supporting implementation found","No connected implementation found.","No supporting route/service/storage/UI workflow found.","Target workflow is unavailable.","Add versioned marking rules/revisions and role-separated review; preserve original answers/scores.","MEDIUM"
"12 Grading","Double marking","MISSING","E09: Marking/finalization trace; both runtime probe artifacts / E15: Audit sink/call-site inspection; no immutable exam revision table / E20: Filename + concept search and connected path inspection","app/Http/Controllers/OnlineExamController.php:1046-1138,1548-1588,1604-1814; app/Http/Requests/OnlineExam/{SubmitOnlineExamRequest,ManualMarkAnswerRequest}.php; resources/views/student/online_exam/take.blade.php:144-149 / app/Models/AuditLog.php; app/Providers/AuditServiceProvider.php; app/Http/Middleware/TrackModuleAccess.php; app/Http/Controllers/OnlineExamController.php / docs/online-exams-audit/{core-search-files,concept-search-files}.txt; app/Http/Controllers/OnlineExamController.php; app/Models/OnlineExam*.php; routes/web.php; app/Console/Kernel.php","online_exam_submissions; online_exam_answers; online_exam_questions / audit_logs; online_exam_proctoring_events; online_exam_answers / exam-owned tables; no supporting implementation found","No connected implementation found.","No supporting route/service/storage/UI workflow found.","Target workflow is unavailable.","Add versioned marking rules/revisions and role-separated review; preserve original answers/scores.","MEDIUM"
"12 Grading","Moderation","MISSING","E09: Marking/finalization trace; both runtime probe artifacts / E15: Audit sink/call-site inspection; no immutable exam revision table / E20: Filename + concept search and connected path inspection","app/Http/Controllers/OnlineExamController.php:1046-1138,1548-1588,1604-1814; app/Http/Requests/OnlineExam/{SubmitOnlineExamRequest,ManualMarkAnswerRequest}.php; resources/views/student/online_exam/take.blade.php:144-149 / app/Models/AuditLog.php; app/Providers/AuditServiceProvider.php; app/Http/Middleware/TrackModuleAccess.php; app/Http/Controllers/OnlineExamController.php / docs/online-exams-audit/{core-search-files,concept-search-files}.txt; app/Http/Controllers/OnlineExamController.php; app/Models/OnlineExam*.php; routes/web.php; app/Console/Kernel.php","online_exam_submissions; online_exam_answers; online_exam_questions / audit_logs; online_exam_proctoring_events; online_exam_answers / exam-owned tables; no supporting implementation found","No connected implementation found.","No supporting route/service/storage/UI workflow found.","Target workflow is unavailable.","Add versioned marking rules/revisions and role-separated review; preserve original answers/scores.","MEDIUM"
"12 Grading","Second reviewer","MISSING","E09: Marking/finalization trace; both runtime probe artifacts / E15: Audit sink/call-site inspection; no immutable exam revision table / E20: Filename + concept search and connected path inspection","app/Http/Controllers/OnlineExamController.php:1046-1138,1548-1588,1604-1814; app/Http/Requests/OnlineExam/{SubmitOnlineExamRequest,ManualMarkAnswerRequest}.php; resources/views/student/online_exam/take.blade.php:144-149 / app/Models/AuditLog.php; app/Providers/AuditServiceProvider.php; app/Http/Middleware/TrackModuleAccess.php; app/Http/Controllers/OnlineExamController.php / docs/online-exams-audit/{core-search-files,concept-search-files}.txt; app/Http/Controllers/OnlineExamController.php; app/Models/OnlineExam*.php; routes/web.php; app/Console/Kernel.php","online_exam_submissions; online_exam_answers; online_exam_questions / audit_logs; online_exam_proctoring_events; online_exam_answers / exam-owned tables; no supporting implementation found","No connected implementation found.","No supporting route/service/storage/UI workflow found.","Target workflow is unavailable.","Add versioned marking rules/revisions and role-separated review; preserve original answers/scores.","MEDIUM"
"12 Grading","Mark reconciliation","MISSING","E09: Marking/finalization trace; both runtime probe artifacts / E15: Audit sink/call-site inspection; no immutable exam revision table / E20: Filename + concept search and connected path inspection","app/Http/Controllers/OnlineExamController.php:1046-1138,1548-1588,1604-1814; app/Http/Requests/OnlineExam/{SubmitOnlineExamRequest,ManualMarkAnswerRequest}.php; resources/views/student/online_exam/take.blade.php:144-149 / app/Models/AuditLog.php; app/Providers/AuditServiceProvider.php; app/Http/Middleware/TrackModuleAccess.php; app/Http/Controllers/OnlineExamController.php / docs/online-exams-audit/{core-search-files,concept-search-files}.txt; app/Http/Controllers/OnlineExamController.php; app/Models/OnlineExam*.php; routes/web.php; app/Console/Kernel.php","online_exam_submissions; online_exam_answers; online_exam_questions / audit_logs; online_exam_proctoring_events; online_exam_answers / exam-owned tables; no supporting implementation found","No connected implementation found.","No supporting route/service/storage/UI workflow found.","Target workflow is unavailable.","Add versioned marking rules/revisions and role-separated review; preserve original answers/scores.","MEDIUM"
"12 Grading","Regrading","MISSING","E09: Marking/finalization trace; both runtime probe artifacts / E15: Audit sink/call-site inspection; no immutable exam revision table / E20: Filename + concept search and connected path inspection","app/Http/Controllers/OnlineExamController.php:1046-1138,1548-1588,1604-1814; app/Http/Requests/OnlineExam/{SubmitOnlineExamRequest,ManualMarkAnswerRequest}.php; resources/views/student/online_exam/take.blade.php:144-149 / app/Models/AuditLog.php; app/Providers/AuditServiceProvider.php; app/Http/Middleware/TrackModuleAccess.php; app/Http/Controllers/OnlineExamController.php / docs/online-exams-audit/{core-search-files,concept-search-files}.txt; app/Http/Controllers/OnlineExamController.php; app/Models/OnlineExam*.php; routes/web.php; app/Console/Kernel.php","online_exam_submissions; online_exam_answers; online_exam_questions / audit_logs; online_exam_proctoring_events; online_exam_answers / exam-owned tables; no supporting implementation found","No connected implementation found.","No supporting route/service/storage/UI workflow found.","Target workflow is unavailable.","Add versioned marking rules/revisions and role-separated review; preserve original answers/scores.","MEDIUM"
"12 Grading","Answer-key correction workflow","MISSING","E09: Marking/finalization trace; both runtime probe artifacts / E15: Audit sink/call-site inspection; no immutable exam revision table / E20: Filename + concept search and connected path inspection","app/Http/Controllers/OnlineExamController.php:1046-1138,1548-1588,1604-1814; app/Http/Requests/OnlineExam/{SubmitOnlineExamRequest,ManualMarkAnswerRequest}.php; resources/views/student/online_exam/take.blade.php:144-149 / app/Models/AuditLog.php; app/Providers/AuditServiceProvider.php; app/Http/Middleware/TrackModuleAccess.php; app/Http/Controllers/OnlineExamController.php / docs/online-exams-audit/{core-search-files,concept-search-files}.txt; app/Http/Controllers/OnlineExamController.php; app/Models/OnlineExam*.php; routes/web.php; app/Console/Kernel.php","online_exam_submissions; online_exam_answers; online_exam_questions / audit_logs; online_exam_proctoring_events; online_exam_answers / exam-owned tables; no supporting implementation found","No connected implementation found.","No supporting route/service/storage/UI workflow found.","Target workflow is unavailable.","Add versioned marking rules/revisions and role-separated review; preserve original answers/scores.","MEDIUM"
"12 Grading","Grade change history","MISSING","E09: Marking/finalization trace; both runtime probe artifacts / E15: Audit sink/call-site inspection; no immutable exam revision table / E20: Filename + concept search and connected path inspection","app/Http/Controllers/OnlineExamController.php:1046-1138,1548-1588,1604-1814; app/Http/Requests/OnlineExam/{SubmitOnlineExamRequest,ManualMarkAnswerRequest}.php; resources/views/student/online_exam/take.blade.php:144-149 / app/Models/AuditLog.php; app/Providers/AuditServiceProvider.php; app/Http/Middleware/TrackModuleAccess.php; app/Http/Controllers/OnlineExamController.php / docs/online-exams-audit/{core-search-files,concept-search-files}.txt; app/Http/Controllers/OnlineExamController.php; app/Models/OnlineExam*.php; routes/web.php; app/Console/Kernel.php","online_exam_submissions; online_exam_answers; online_exam_questions / audit_logs; online_exam_proctoring_events; online_exam_answers / exam-owned tables; no supporting implementation found","No connected implementation found.","No supporting route/service/storage/UI workflow found.","Target workflow is unavailable.","Add versioned marking rules/revisions and role-separated review; preserve original answers/scores.","MEDIUM"
"13 Results","Submitted stage","BROKEN","E09: Marking/finalization trace; both runtime probe artifacts / E12: Result visibility and presentation source; premature-result/finalize probes","app/Http/Controllers/OnlineExamController.php:1046-1138,1548-1588,1604-1814; app/Http/Requests/OnlineExam/{SubmitOnlineExamRequest,ManualMarkAnswerRequest}.php; resources/views/student/online_exam/take.blade.php:144-149 / app/Models/OnlineExam.php:isResultVisibleFor; app/Models/OnlineExamSubmission.php; app/Http/Controllers/OnlineExamController.php:1569-1693; resources/views/{student,admin,teacher}/online_exam/results.blade.php (student uses result.blade.php)","online_exam_submissions; online_exam_answers; online_exam_questions / online_exam_submissions; online_exam_answers; online_exams","Some status constants and pending/finalized transitions.","Normal submit skips dedicated submitted/timed_out stages; finalization conflates release; no approved state.","Results lack a dependable lifecycle.","Separate attempt/marking/release state and centralized transitions.","CRITICAL"
"13 Results","Auto Marked stage","BROKEN","E09: Marking/finalization trace; both runtime probe artifacts / E12: Result visibility and presentation source; premature-result/finalize probes","app/Http/Controllers/OnlineExamController.php:1046-1138,1548-1588,1604-1814; app/Http/Requests/OnlineExam/{SubmitOnlineExamRequest,ManualMarkAnswerRequest}.php; resources/views/student/online_exam/take.blade.php:144-149 / app/Models/OnlineExam.php:isResultVisibleFor; app/Models/OnlineExamSubmission.php; app/Http/Controllers/OnlineExamController.php:1569-1693; resources/views/{student,admin,teacher}/online_exam/results.blade.php (student uses result.blade.php)","online_exam_submissions; online_exam_answers; online_exam_questions / online_exam_submissions; online_exam_answers; online_exams","Some status constants and pending/finalized transitions.","Normal submit skips dedicated submitted/timed_out stages; finalization conflates release; no approved state.","Results lack a dependable lifecycle.","Separate attempt/marking/release state and centralized transitions.","CRITICAL"
"13 Results","Manual Marking stage","BROKEN","E09: Marking/finalization trace; both runtime probe artifacts / E12: Result visibility and presentation source; premature-result/finalize probes","app/Http/Controllers/OnlineExamController.php:1046-1138,1548-1588,1604-1814; app/Http/Requests/OnlineExam/{SubmitOnlineExamRequest,ManualMarkAnswerRequest}.php; resources/views/student/online_exam/take.blade.php:144-149 / app/Models/OnlineExam.php:isResultVisibleFor; app/Models/OnlineExamSubmission.php; app/Http/Controllers/OnlineExamController.php:1569-1693; resources/views/{student,admin,teacher}/online_exam/results.blade.php (student uses result.blade.php)","online_exam_submissions; online_exam_answers; online_exam_questions / online_exam_submissions; online_exam_answers; online_exams","Some status constants and pending/finalized transitions.","Normal submit skips dedicated submitted/timed_out stages; finalization conflates release; no approved state.","Results lack a dependable lifecycle.","Separate attempt/marking/release state and centralized transitions.","CRITICAL"
"13 Results","Approved stage","BROKEN","E09: Marking/finalization trace; both runtime probe artifacts / E12: Result visibility and presentation source; premature-result/finalize probes","app/Http/Controllers/OnlineExamController.php:1046-1138,1548-1588,1604-1814; app/Http/Requests/OnlineExam/{SubmitOnlineExamRequest,ManualMarkAnswerRequest}.php; resources/views/student/online_exam/take.blade.php:144-149 / app/Models/OnlineExam.php:isResultVisibleFor; app/Models/OnlineExamSubmission.php; app/Http/Controllers/OnlineExamController.php:1569-1693; resources/views/{student,admin,teacher}/online_exam/results.blade.php (student uses result.blade.php)","online_exam_submissions; online_exam_answers; online_exam_questions / online_exam_submissions; online_exam_answers; online_exams","Some status constants and pending/finalized transitions.","Normal submit skips dedicated submitted/timed_out stages; finalization conflates release; no approved state.","Results lack a dependable lifecycle.","Separate attempt/marking/release state and centralized transitions.","CRITICAL"
"13 Results","Published stage","BROKEN","E09: Marking/finalization trace; both runtime probe artifacts / E12: Result visibility and presentation source; premature-result/finalize probes","app/Http/Controllers/OnlineExamController.php:1046-1138,1548-1588,1604-1814; app/Http/Requests/OnlineExam/{SubmitOnlineExamRequest,ManualMarkAnswerRequest}.php; resources/views/student/online_exam/take.blade.php:144-149 / app/Models/OnlineExam.php:isResultVisibleFor; app/Models/OnlineExamSubmission.php; app/Http/Controllers/OnlineExamController.php:1569-1693; resources/views/{student,admin,teacher}/online_exam/results.blade.php (student uses result.blade.php)","online_exam_submissions; online_exam_answers; online_exam_questions / online_exam_submissions; online_exam_answers; online_exams","Some status constants and pending/finalized transitions.","Normal submit skips dedicated submitted/timed_out stages; finalization conflates release; no approved state.","Results lack a dependable lifecycle.","Separate attempt/marking/release state and centralized transitions.","CRITICAL"
"13 Results","Moderation stage","MISSING","E09: Marking/finalization trace; both runtime probe artifacts / E20: Filename + concept search and connected path inspection","app/Http/Controllers/OnlineExamController.php:1046-1138,1548-1588,1604-1814; app/Http/Requests/OnlineExam/{SubmitOnlineExamRequest,ManualMarkAnswerRequest}.php; resources/views/student/online_exam/take.blade.php:144-149 / docs/online-exams-audit/{core-search-files,concept-search-files}.txt; app/Http/Controllers/OnlineExamController.php; app/Models/OnlineExam*.php; routes/web.php; app/Console/Kernel.php","online_exam_submissions; online_exam_answers; online_exam_questions / exam-owned tables; no supporting implementation found","No connected implementation found.","No supporting route/service/storage/UI workflow found.","Target workflow is unavailable.","Introduce reviewer approval after marking and before explicit publication.","HIGH"
"13 Results","Result publication","BROKEN","E12: Result visibility and presentation source; premature-result/finalize probes","app/Models/OnlineExam.php:isResultVisibleFor; app/Models/OnlineExamSubmission.php; app/Http/Controllers/OnlineExamController.php:1569-1693; resources/views/{student,admin,teacher}/online_exam/results.blade.php (student uses result.blade.php)","online_exam_submissions; online_exam_answers; online_exams","Three release policies exist; after-end checks time.","No complete-status requirement for immediate/after-end; manual auto-releases objective finalized attempts.","Premature results.","Require finalized/approved result plus policy-specific published_at/time.","CRITICAL"
"13 Results","Delayed release","BROKEN","E12: Result visibility and presentation source; premature-result/finalize probes","app/Models/OnlineExam.php:isResultVisibleFor; app/Models/OnlineExamSubmission.php; app/Http/Controllers/OnlineExamController.php:1569-1693; resources/views/{student,admin,teacher}/online_exam/results.blade.php (student uses result.blade.php)","online_exam_submissions; online_exam_answers; online_exams","Three release policies exist; after-end checks time.","No complete-status requirement for immediate/after-end; manual auto-releases objective finalized attempts.","Premature results.","Require finalized/approved result plus policy-specific published_at/time.","CRITICAL"
"13 Results","Score-only display","PARTIAL","E12: Result visibility and presentation source; premature-result/finalize probes","app/Models/OnlineExam.php:isResultVisibleFor; app/Models/OnlineExamSubmission.php; app/Http/Controllers/OnlineExamController.php:1569-1693; resources/views/{student,admin,teacher}/online_exam/results.blade.php (student uses result.blade.php)","online_exam_submissions; online_exam_answers; online_exams","Student result page shows score/percentage/pass outcome.","May show incomplete outcome; pass mark incorrectly suffixed %.","Misleading result.","Gate release and use consistent mark/percentage labels.","HIGH"
"13 Results","Answer visibility controls","MISSING","E12: Result visibility and presentation source; premature-result/finalize probes / E20: Filename + concept search and connected path inspection","app/Models/OnlineExam.php:isResultVisibleFor; app/Models/OnlineExamSubmission.php; app/Http/Controllers/OnlineExamController.php:1569-1693; resources/views/{student,admin,teacher}/online_exam/results.blade.php (student uses result.blade.php) / docs/online-exams-audit/{core-search-files,concept-search-files}.txt; app/Http/Controllers/OnlineExamController.php; app/Models/OnlineExam*.php; routes/web.php; app/Console/Kernel.php","online_exam_submissions; online_exam_answers; online_exams / exam-owned tables; no supporting implementation found","No connected implementation found.","No supporting route/service/storage/UI workflow found.","Target workflow is unavailable.","Explicit per-result visibility rules; default hide keys until approved release.","MEDIUM"
"13 Results","Correct-answer visibility controls","MISSING","E12: Result visibility and presentation source; premature-result/finalize probes / E20: Filename + concept search and connected path inspection","app/Models/OnlineExam.php:isResultVisibleFor; app/Models/OnlineExamSubmission.php; app/Http/Controllers/OnlineExamController.php:1569-1693; resources/views/{student,admin,teacher}/online_exam/results.blade.php (student uses result.blade.php) / docs/online-exams-audit/{core-search-files,concept-search-files}.txt; app/Http/Controllers/OnlineExamController.php; app/Models/OnlineExam*.php; routes/web.php; app/Console/Kernel.php","online_exam_submissions; online_exam_answers; online_exams / exam-owned tables; no supporting implementation found","No connected implementation found.","No supporting route/service/storage/UI workflow found.","Target workflow is unavailable.","Explicit per-result visibility rules; default hide keys until approved release.","MEDIUM"
"13 Results","Candidate feedback release","MISSING","E12: Result visibility and presentation source; premature-result/finalize probes / E20: Filename + concept search and connected path inspection","app/Models/OnlineExam.php:isResultVisibleFor; app/Models/OnlineExamSubmission.php; app/Http/Controllers/OnlineExamController.php:1569-1693; resources/views/{student,admin,teacher}/online_exam/results.blade.php (student uses result.blade.php) / docs/online-exams-audit/{core-search-files,concept-search-files}.txt; app/Http/Controllers/OnlineExamController.php; app/Models/OnlineExam*.php; routes/web.php; app/Console/Kernel.php","online_exam_submissions; online_exam_answers; online_exams / exam-owned tables; no supporting implementation found","No connected implementation found.","No supporting route/service/storage/UI workflow found.","Target workflow is unavailable.","Explicit per-result visibility rules; default hide keys until approved release.","MEDIUM"
"13 Results","Attempt history","PARTIAL","E06: Delivery/eligibility source; OnlineExamStudentFrontendTest and StudentAttemptTest / E12: Result visibility and presentation source; premature-result/finalize probes","app/Http/Controllers/OnlineExamController.php:1141-1454,1924-1945; app/Models/{OnlineExam,OnlineExamSubmission}.php; resources/views/student/online_exam/{instructions,list,take}.blade.php / app/Models/OnlineExam.php:isResultVisibleFor; app/Models/OnlineExamSubmission.php; app/Http/Controllers/OnlineExamController.php:1569-1693; resources/views/{student,admin,teacher}/online_exam/results.blade.php (student uses result.blade.php)","online_exams; online_exam_questions; online_exam_submissions; enrollment; users / online_exam_submissions; online_exam_answers; online_exams","Attempts stored and staff list paginated; latest candidate attempt/result links.","Candidate list shows latest only, no history screen.","Candidates cannot inspect prior attempts.","Candidate-scoped history with release-filtered links.","MEDIUM"
"13 Results","Academic-record integration","PARTIAL","E16: Academic/report consumers; nonexistent submission.total_marks reference / E17: Existing authoritative model/schema inspection and exam consumer trace","app/Http/Controllers/ReportsController.php:91-94,163-174,223-243; resources/views/admin/reports/exams.blade.php; app/Models/Gradebook.php; database/migrations/2026_07_29_030000_add_programme_fields_to_gradebooks_table.php / app/Models/{User,School,Enrollment,StudentProfile,Subject,Programme,Session,TeacherPermission,TeacherProgrammeAssignment}.php; app/Http/Controllers/OnlineExamController.php:1816-1850,1924-1933","online_exam_submissions; online_exams; gradebooks; grades / users; schools; departments; programmes; classes; subjects; sessions; enrollment; student_profiles; teacher_permissions; teacher_programme_assignments","Report reads attempts.","No gradebook/transcript publishing; report total property wrong.","Misstated totals and missing academic record.","Fix report consumer; later approved idempotent result adapter.","HIGH"
"14 Analytics","Started count","PARTIAL","E03: Teacher workflow source; TeacherOnlineExamTest; runtime-probes.json / E16: Academic/report consumers; nonexistent submission.total_marks reference","app/Http/Controllers/OnlineExamController.php:455-1138,1816-1850; resources/views/teacher/online_exam/; app/Http/Requests/OnlineExam/UpdateOnlineExamRequest.php:23 / app/Http/Controllers/ReportsController.php:91-94,163-174,223-243; resources/views/admin/reports/exams.blade.php; app/Models/Gradebook.php; database/migrations/2026_07_29_030000_add_programme_fields_to_gradebooks_table.php","online_exams; online_exam_questions; teacher_permissions; teacher_programme_assignments; subjects / online_exam_submissions; online_exams; gradebooks; grades","Submission counts and passed count exist.","Counts include wrong populations/stages; no distinct registration/attendance cohorts; report percentage bug.","Misleading institutional statistics.","Aggregate eligible/finalized/published populations explicitly.","HIGH"
"14 Analytics","Completed count","PARTIAL","E03: Teacher workflow source; TeacherOnlineExamTest; runtime-probes.json / E16: Academic/report consumers; nonexistent submission.total_marks reference","app/Http/Controllers/OnlineExamController.php:455-1138,1816-1850; resources/views/teacher/online_exam/; app/Http/Requests/OnlineExam/UpdateOnlineExamRequest.php:23 / app/Http/Controllers/ReportsController.php:91-94,163-174,223-243; resources/views/admin/reports/exams.blade.php; app/Models/Gradebook.php; database/migrations/2026_07_29_030000_add_programme_fields_to_gradebooks_table.php","online_exams; online_exam_questions; teacher_permissions; teacher_programme_assignments; subjects / online_exam_submissions; online_exams; gradebooks; grades","Submission counts and passed count exist.","Counts include wrong populations/stages; no distinct registration/attendance cohorts; report percentage bug.","Misleading institutional statistics.","Aggregate eligible/finalized/published populations explicitly.","HIGH"
"14 Analytics","Pass rate","PARTIAL","E03: Teacher workflow source; TeacherOnlineExamTest; runtime-probes.json / E16: Academic/report consumers; nonexistent submission.total_marks reference","app/Http/Controllers/OnlineExamController.php:455-1138,1816-1850; resources/views/teacher/online_exam/; app/Http/Requests/OnlineExam/UpdateOnlineExamRequest.php:23 / app/Http/Controllers/ReportsController.php:91-94,163-174,223-243; resources/views/admin/reports/exams.blade.php; app/Models/Gradebook.php; database/migrations/2026_07_29_030000_add_programme_fields_to_gradebooks_table.php","online_exams; online_exam_questions; teacher_permissions; teacher_programme_assignments; subjects / online_exam_submissions; online_exams; gradebooks; grades","Submission counts and passed count exist.","Counts include wrong populations/stages; no distinct registration/attendance cohorts; report percentage bug.","Misleading institutional statistics.","Aggregate eligible/finalized/published populations explicitly.","HIGH"
"14 Analytics","Proctoring events analytics","PARTIAL","E11: Full event/camera/readiness/timeline trace; no recording pipeline found","app/Http/Controllers/OnlineExamController.php:1238-1253,1524-1546,1629-1646; app/Models/OnlineExamProctoringEvent.php; app/Http/Requests/OnlineExam/{CameraReadinessRequest,ProctoringEventRequest}.php; resources/views/admin/online_exam/proctoring.blade.php; resources/views/student/online_exam/{instructions,take}.blade.php","online_exam_proctoring_events; online_exam_submissions","Event count and highlighted timeline.","No aggregate trends/false-positive review; no statistical cheating classifier.","Signals overinterpreted.","Evidence-based event summaries with reviewer outcomes.","MEDIUM"
"14 Analytics","Suspicious activity","PARTIAL","E11: Full event/camera/readiness/timeline trace; no recording pipeline found","app/Http/Controllers/OnlineExamController.php:1238-1253,1524-1546,1629-1646; app/Models/OnlineExamProctoringEvent.php; app/Http/Requests/OnlineExam/{CameraReadinessRequest,ProctoringEventRequest}.php; resources/views/admin/online_exam/proctoring.blade.php; resources/views/student/online_exam/{instructions,take}.blade.php","online_exam_proctoring_events; online_exam_submissions","Event count and highlighted timeline.","No aggregate trends/false-positive review; no statistical cheating classifier.","Signals overinterpreted.","Evidence-based event summaries with reviewer outcomes.","MEDIUM"
"14 Analytics","Registered count","MISSING","E16: Academic/report consumers; nonexistent submission.total_marks reference / E20: Filename + concept search and connected path inspection","app/Http/Controllers/ReportsController.php:91-94,163-174,223-243; resources/views/admin/reports/exams.blade.php; app/Models/Gradebook.php; database/migrations/2026_07_29_030000_add_programme_fields_to_gradebooks_table.php / docs/online-exams-audit/{core-search-files,concept-search-files}.txt; app/Http/Controllers/OnlineExamController.php; app/Models/OnlineExam*.php; routes/web.php; app/Console/Kernel.php","online_exam_submissions; online_exams; gradebooks; grades / exam-owned tables; no supporting implementation found","No connected implementation found.","No supporting route/service/storage/UI workflow found.","Target workflow is unavailable.","Build tenant-scoped analytics from immutable papers, answers and completed published outcomes; document statistical limits.","MEDIUM"
"14 Analytics","Absent count","MISSING","E16: Academic/report consumers; nonexistent submission.total_marks reference / E20: Filename + concept search and connected path inspection","app/Http/Controllers/ReportsController.php:91-94,163-174,223-243; resources/views/admin/reports/exams.blade.php; app/Models/Gradebook.php; database/migrations/2026_07_29_030000_add_programme_fields_to_gradebooks_table.php / docs/online-exams-audit/{core-search-files,concept-search-files}.txt; app/Http/Controllers/OnlineExamController.php; app/Models/OnlineExam*.php; routes/web.php; app/Console/Kernel.php","online_exam_submissions; online_exams; gradebooks; grades / exam-owned tables; no supporting implementation found","No connected implementation found.","No supporting route/service/storage/UI workflow found.","Target workflow is unavailable.","Build tenant-scoped analytics from immutable papers, answers and completed published outcomes; document statistical limits.","MEDIUM"
"14 Analytics","Disconnected count","MISSING","E16: Academic/report consumers; nonexistent submission.total_marks reference / E20: Filename + concept search and connected path inspection","app/Http/Controllers/ReportsController.php:91-94,163-174,223-243; resources/views/admin/reports/exams.blade.php; app/Models/Gradebook.php; database/migrations/2026_07_29_030000_add_programme_fields_to_gradebooks_table.php / docs/online-exams-audit/{core-search-files,concept-search-files}.txt; app/Http/Controllers/OnlineExamController.php; app/Models/OnlineExam*.php; routes/web.php; app/Console/Kernel.php","online_exam_submissions; online_exams; gradebooks; grades / exam-owned tables; no supporting implementation found","No connected implementation found.","No supporting route/service/storage/UI workflow found.","Target workflow is unavailable.","Build tenant-scoped analytics from immutable papers, answers and completed published outcomes; document statistical limits.","MEDIUM"
"14 Analytics","Average","MISSING","E16: Academic/report consumers; nonexistent submission.total_marks reference / E20: Filename + concept search and connected path inspection","app/Http/Controllers/ReportsController.php:91-94,163-174,223-243; resources/views/admin/reports/exams.blade.php; app/Models/Gradebook.php; database/migrations/2026_07_29_030000_add_programme_fields_to_gradebooks_table.php / docs/online-exams-audit/{core-search-files,concept-search-files}.txt; app/Http/Controllers/OnlineExamController.php; app/Models/OnlineExam*.php; routes/web.php; app/Console/Kernel.php","online_exam_submissions; online_exams; gradebooks; grades / exam-owned tables; no supporting implementation found","No connected implementation found.","No supporting route/service/storage/UI workflow found.","Target workflow is unavailable.","Build tenant-scoped analytics from immutable papers, answers and completed published outcomes; document statistical limits.","MEDIUM"
"14 Analytics","Median","MISSING","E16: Academic/report consumers; nonexistent submission.total_marks reference / E20: Filename + concept search and connected path inspection","app/Http/Controllers/ReportsController.php:91-94,163-174,223-243; resources/views/admin/reports/exams.blade.php; app/Models/Gradebook.php; database/migrations/2026_07_29_030000_add_programme_fields_to_gradebooks_table.php / docs/online-exams-audit/{core-search-files,concept-search-files}.txt; app/Http/Controllers/OnlineExamController.php; app/Models/OnlineExam*.php; routes/web.php; app/Console/Kernel.php","online_exam_submissions; online_exams; gradebooks; grades / exam-owned tables; no supporting implementation found","No connected implementation found.","No supporting route/service/storage/UI workflow found.","Target workflow is unavailable.","Build tenant-scoped analytics from immutable papers, answers and completed published outcomes; document statistical limits.","MEDIUM"
"14 Analytics","Highest score","MISSING","E16: Academic/report consumers; nonexistent submission.total_marks reference / E20: Filename + concept search and connected path inspection","app/Http/Controllers/ReportsController.php:91-94,163-174,223-243; resources/views/admin/reports/exams.blade.php; app/Models/Gradebook.php; database/migrations/2026_07_29_030000_add_programme_fields_to_gradebooks_table.php / docs/online-exams-audit/{core-search-files,concept-search-files}.txt; app/Http/Controllers/OnlineExamController.php; app/Models/OnlineExam*.php; routes/web.php; app/Console/Kernel.php","online_exam_submissions; online_exams; gradebooks; grades / exam-owned tables; no supporting implementation found","No connected implementation found.","No supporting route/service/storage/UI workflow found.","Target workflow is unavailable.","Build tenant-scoped analytics from immutable papers, answers and completed published outcomes; document statistical limits.","MEDIUM"
"14 Analytics","Lowest score","MISSING","E16: Academic/report consumers; nonexistent submission.total_marks reference / E20: Filename + concept search and connected path inspection","app/Http/Controllers/ReportsController.php:91-94,163-174,223-243; resources/views/admin/reports/exams.blade.php; app/Models/Gradebook.php; database/migrations/2026_07_29_030000_add_programme_fields_to_gradebooks_table.php / docs/online-exams-audit/{core-search-files,concept-search-files}.txt; app/Http/Controllers/OnlineExamController.php; app/Models/OnlineExam*.php; routes/web.php; app/Console/Kernel.php","online_exam_submissions; online_exams; gradebooks; grades / exam-owned tables; no supporting implementation found","No connected implementation found.","No supporting route/service/storage/UI workflow found.","Target workflow is unavailable.","Build tenant-scoped analytics from immutable papers, answers and completed published outcomes; document statistical limits.","MEDIUM"
"14 Analytics","Score distribution","MISSING","E16: Academic/report consumers; nonexistent submission.total_marks reference / E20: Filename + concept search and connected path inspection","app/Http/Controllers/ReportsController.php:91-94,163-174,223-243; resources/views/admin/reports/exams.blade.php; app/Models/Gradebook.php; database/migrations/2026_07_29_030000_add_programme_fields_to_gradebooks_table.php / docs/online-exams-audit/{core-search-files,concept-search-files}.txt; app/Http/Controllers/OnlineExamController.php; app/Models/OnlineExam*.php; routes/web.php; app/Console/Kernel.php","online_exam_submissions; online_exams; gradebooks; grades / exam-owned tables; no supporting implementation found","No connected implementation found.","No supporting route/service/storage/UI workflow found.","Target workflow is unavailable.","Build tenant-scoped analytics from immutable papers, answers and completed published outcomes; document statistical limits.","MEDIUM"
"14 Analytics","Completion time","MISSING","E16: Academic/report consumers; nonexistent submission.total_marks reference / E20: Filename + concept search and connected path inspection","app/Http/Controllers/ReportsController.php:91-94,163-174,223-243; resources/views/admin/reports/exams.blade.php; app/Models/Gradebook.php; database/migrations/2026_07_29_030000_add_programme_fields_to_gradebooks_table.php / docs/online-exams-audit/{core-search-files,concept-search-files}.txt; app/Http/Controllers/OnlineExamController.php; app/Models/OnlineExam*.php; routes/web.php; app/Console/Kernel.php","online_exam_submissions; online_exams; gradebooks; grades / exam-owned tables; no supporting implementation found","No connected implementation found.","No supporting route/service/storage/UI workflow found.","Target workflow is unavailable.","Build tenant-scoped analytics from immutable papers, answers and completed published outcomes; document statistical limits.","MEDIUM"
"14 Analytics","Time per question","MISSING","E16: Academic/report consumers; nonexistent submission.total_marks reference / E20: Filename + concept search and connected path inspection","app/Http/Controllers/ReportsController.php:91-94,163-174,223-243; resources/views/admin/reports/exams.blade.php; app/Models/Gradebook.php; database/migrations/2026_07_29_030000_add_programme_fields_to_gradebooks_table.php / docs/online-exams-audit/{core-search-files,concept-search-files}.txt; app/Http/Controllers/OnlineExamController.php; app/Models/OnlineExam*.php; routes/web.php; app/Console/Kernel.php","online_exam_submissions; online_exams; gradebooks; grades / exam-owned tables; no supporting implementation found","No connected implementation found.","No supporting route/service/storage/UI workflow found.","Target workflow is unavailable.","Build tenant-scoped analytics from immutable papers, answers and completed published outcomes; document statistical limits.","MEDIUM"
"14 Analytics","Question difficulty analytics","MISSING","E16: Academic/report consumers; nonexistent submission.total_marks reference / E20: Filename + concept search and connected path inspection","app/Http/Controllers/ReportsController.php:91-94,163-174,223-243; resources/views/admin/reports/exams.blade.php; app/Models/Gradebook.php; database/migrations/2026_07_29_030000_add_programme_fields_to_gradebooks_table.php / docs/online-exams-audit/{core-search-files,concept-search-files}.txt; app/Http/Controllers/OnlineExamController.php; app/Models/OnlineExam*.php; routes/web.php; app/Console/Kernel.php","online_exam_submissions; online_exams; gradebooks; grades / exam-owned tables; no supporting implementation found","No connected implementation found.","No supporting route/service/storage/UI workflow found.","Target workflow is unavailable.","Build tenant-scoped analytics from immutable papers, answers and completed published outcomes; document statistical limits.","MEDIUM"
"14 Analytics","Discrimination index","MISSING","E16: Academic/report consumers; nonexistent submission.total_marks reference / E20: Filename + concept search and connected path inspection","app/Http/Controllers/ReportsController.php:91-94,163-174,223-243; resources/views/admin/reports/exams.blade.php; app/Models/Gradebook.php; database/migrations/2026_07_29_030000_add_programme_fields_to_gradebooks_table.php / docs/online-exams-audit/{core-search-files,concept-search-files}.txt; app/Http/Controllers/OnlineExamController.php; app/Models/OnlineExam*.php; routes/web.php; app/Console/Kernel.php","online_exam_submissions; online_exams; gradebooks; grades / exam-owned tables; no supporting implementation found","No connected implementation found.","No supporting route/service/storage/UI workflow found.","Target workflow is unavailable.","Build tenant-scoped analytics from immutable papers, answers and completed published outcomes; document statistical limits.","MEDIUM"
"14 Analytics","Distractor analysis","MISSING","E16: Academic/report consumers; nonexistent submission.total_marks reference / E20: Filename + concept search and connected path inspection","app/Http/Controllers/ReportsController.php:91-94,163-174,223-243; resources/views/admin/reports/exams.blade.php; app/Models/Gradebook.php; database/migrations/2026_07_29_030000_add_programme_fields_to_gradebooks_table.php / docs/online-exams-audit/{core-search-files,concept-search-files}.txt; app/Http/Controllers/OnlineExamController.php; app/Models/OnlineExam*.php; routes/web.php; app/Console/Kernel.php","online_exam_submissions; online_exams; gradebooks; grades / exam-owned tables; no supporting implementation found","No connected implementation found.","No supporting route/service/storage/UI workflow found.","Target workflow is unavailable.","Build tenant-scoped analytics from immutable papers, answers and completed published outcomes; document statistical limits.","MEDIUM"
"14 Analytics","Omitted answers analytics","MISSING","E16: Academic/report consumers; nonexistent submission.total_marks reference / E20: Filename + concept search and connected path inspection","app/Http/Controllers/ReportsController.php:91-94,163-174,223-243; resources/views/admin/reports/exams.blade.php; app/Models/Gradebook.php; database/migrations/2026_07_29_030000_add_programme_fields_to_gradebooks_table.php / docs/online-exams-audit/{core-search-files,concept-search-files}.txt; app/Http/Controllers/OnlineExamController.php; app/Models/OnlineExam*.php; routes/web.php; app/Console/Kernel.php","online_exam_submissions; online_exams; gradebooks; grades / exam-owned tables; no supporting implementation found","No connected implementation found.","No supporting route/service/storage/UI workflow found.","Target workflow is unavailable.","Build tenant-scoped analytics from immutable papers, answers and completed published outcomes; document statistical limits.","MEDIUM"
"14 Analytics","Outcome performance","MISSING","E16: Academic/report consumers; nonexistent submission.total_marks reference / E20: Filename + concept search and connected path inspection","app/Http/Controllers/ReportsController.php:91-94,163-174,223-243; resources/views/admin/reports/exams.blade.php; app/Models/Gradebook.php; database/migrations/2026_07_29_030000_add_programme_fields_to_gradebooks_table.php / docs/online-exams-audit/{core-search-files,concept-search-files}.txt; app/Http/Controllers/OnlineExamController.php; app/Models/OnlineExam*.php; routes/web.php; app/Console/Kernel.php","online_exam_submissions; online_exams; gradebooks; grades / exam-owned tables; no supporting implementation found","No connected implementation found.","No supporting route/service/storage/UI workflow found.","Target workflow is unavailable.","Build tenant-scoped analytics from immutable papers, answers and completed published outcomes; document statistical limits.","MEDIUM"
"14 Analytics","Question exposure","MISSING","E16: Academic/report consumers; nonexistent submission.total_marks reference / E20: Filename + concept search and connected path inspection","app/Http/Controllers/ReportsController.php:91-94,163-174,223-243; resources/views/admin/reports/exams.blade.php; app/Models/Gradebook.php; database/migrations/2026_07_29_030000_add_programme_fields_to_gradebooks_table.php / docs/online-exams-audit/{core-search-files,concept-search-files}.txt; app/Http/Controllers/OnlineExamController.php; app/Models/OnlineExam*.php; routes/web.php; app/Console/Kernel.php","online_exam_submissions; online_exams; gradebooks; grades / exam-owned tables; no supporting implementation found","No connected implementation found.","No supporting route/service/storage/UI workflow found.","Target workflow is unavailable.","Build tenant-scoped analytics from immutable papers, answers and completed published outcomes; document statistical limits.","MEDIUM"
"15 Accessibility","Keyboard navigation","PARTIAL","E19: Markup and browser-script inspection; no assistive-technology session run","resources/views/student/online_exam/{instructions,take,result,list}.blade.php; resources/views/teacher/online_exam/question_form.blade.php; resources/views/admin/online_exam/modal.blade.php","online_exams; online_exam_questions; online_exam_submissions","Native radios/buttons/anchors are keyboard operable.","Global clipboard blocking/fullscreen overlay; no complete focus/navigation audit.","Assistive workflow disruption.","Browser/keyboard testing, focus management and configurable restrictions.","HIGH"
"15 Accessibility","Screen readers","PARTIAL","E19: Markup and browser-script inspection; no assistive-technology session run","resources/views/student/online_exam/{instructions,take,result,list}.blade.php; resources/views/teacher/online_exam/question_form.blade.php; resources/views/admin/online_exam/modal.blade.php","online_exams; online_exam_questions; online_exam_submissions","MCQ labels linked; native controls present.","Textareas lack per-question labels; save/timer status not live regions; icon controls may lack accessible names.","Candidate cannot reliably understand/save/submit.","Semantic question groups, explicit labels and restrained live announcements.","HIGH"
"15 Accessibility","Accessible labels","PARTIAL","E19: Markup and browser-script inspection; no assistive-technology session run","resources/views/student/online_exam/{instructions,take,result,list}.blade.php; resources/views/teacher/online_exam/question_form.blade.php; resources/views/admin/online_exam/modal.blade.php","online_exams; online_exam_questions; online_exam_submissions","MCQ labels linked; native controls present.","Textareas lack per-question labels; save/timer status not live regions; icon controls may lack accessible names.","Candidate cannot reliably understand/save/submit.","Semantic question groups, explicit labels and restrained live announcements.","HIGH"
"15 Accessibility","High contrast","RUNTIME VERIFICATION REQUIRED","E19: Markup and browser-script inspection; no assistive-technology session run","resources/views/student/online_exam/{instructions,take,result,list}.blade.php; resources/views/teacher/online_exam/question_form.blade.php; resources/views/admin/online_exam/modal.blade.php","online_exams; online_exam_questions; online_exam_submissions","Bootstrap/native text layout exists.","No measured contrast, zoom/reflow or high-contrast-mode test.","Unverified readability/usability.","Assistive browser audit with 200–400% zoom and contrast measurement.","MEDIUM"
"15 Accessibility","Font scaling","RUNTIME VERIFICATION REQUIRED","E19: Markup and browser-script inspection; no assistive-technology session run","resources/views/student/online_exam/{instructions,take,result,list}.blade.php; resources/views/teacher/online_exam/question_form.blade.php; resources/views/admin/online_exam/modal.blade.php","online_exams; online_exam_questions; online_exam_submissions","Bootstrap/native text layout exists.","No measured contrast, zoom/reflow or high-contrast-mode test.","Unverified readability/usability.","Assistive browser audit with 200–400% zoom and contrast measurement.","MEDIUM"
"15 Accessibility","Alt-text support for exam media","MISSING","E19: Markup and browser-script inspection; no assistive-technology session run / E20: Filename + concept search and connected path inspection","resources/views/student/online_exam/{instructions,take,result,list}.blade.php; resources/views/teacher/online_exam/question_form.blade.php; resources/views/admin/online_exam/modal.blade.php / docs/online-exams-audit/{core-search-files,concept-search-files}.txt; app/Http/Controllers/OnlineExamController.php; app/Models/OnlineExam*.php; routes/web.php; app/Console/Kernel.php","online_exams; online_exam_questions; online_exam_submissions / exam-owned tables; no supporting implementation found","No connected implementation found.","No supporting route/service/storage/UI workflow found.","Target workflow is unavailable.","Add exam accommodations referencing existing user; inclusive renderer/media schema and alternatives.","HIGH"
"15 Accessibility","Accessible equations","MISSING","E19: Markup and browser-script inspection; no assistive-technology session run / E20: Filename + concept search and connected path inspection","resources/views/student/online_exam/{instructions,take,result,list}.blade.php; resources/views/teacher/online_exam/question_form.blade.php; resources/views/admin/online_exam/modal.blade.php / docs/online-exams-audit/{core-search-files,concept-search-files}.txt; app/Http/Controllers/OnlineExamController.php; app/Models/OnlineExam*.php; routes/web.php; app/Console/Kernel.php","online_exams; online_exam_questions; online_exam_submissions / exam-owned tables; no supporting implementation found","No connected implementation found.","No supporting route/service/storage/UI workflow found.","Target workflow is unavailable.","Add exam accommodations referencing existing user; inclusive renderer/media schema and alternatives.","HIGH"
"15 Accessibility","Accommodations","MISSING","E19: Markup and browser-script inspection; no assistive-technology session run / E20: Filename + concept search and connected path inspection","resources/views/student/online_exam/{instructions,take,result,list}.blade.php; resources/views/teacher/online_exam/question_form.blade.php; resources/views/admin/online_exam/modal.blade.php / docs/online-exams-audit/{core-search-files,concept-search-files}.txt; app/Http/Controllers/OnlineExamController.php; app/Models/OnlineExam*.php; routes/web.php; app/Console/Kernel.php","online_exams; online_exam_questions; online_exam_submissions / exam-owned tables; no supporting implementation found","No connected implementation found.","No supporting route/service/storage/UI workflow found.","Target workflow is unavailable.","Add exam accommodations referencing existing user; inclusive renderer/media schema and alternatives.","HIGH"
"15 Accessibility","Candidate extra time","MISSING","E19: Markup and browser-script inspection; no assistive-technology session run / E20: Filename + concept search and connected path inspection","resources/views/student/online_exam/{instructions,take,result,list}.blade.php; resources/views/teacher/online_exam/question_form.blade.php; resources/views/admin/online_exam/modal.blade.php / docs/online-exams-audit/{core-search-files,concept-search-files}.txt; app/Http/Controllers/OnlineExamController.php; app/Models/OnlineExam*.php; routes/web.php; app/Console/Kernel.php","online_exams; online_exam_questions; online_exam_submissions / exam-owned tables; no supporting implementation found","No connected implementation found.","No supporting route/service/storage/UI workflow found.","Target workflow is unavailable.","Add exam accommodations referencing existing user; inclusive renderer/media schema and alternatives.","HIGH"
"15 Accessibility","Candidate extra attempts","MISSING","E19: Markup and browser-script inspection; no assistive-technology session run / E20: Filename + concept search and connected path inspection","resources/views/student/online_exam/{instructions,take,result,list}.blade.php; resources/views/teacher/online_exam/question_form.blade.php; resources/views/admin/online_exam/modal.blade.php / docs/online-exams-audit/{core-search-files,concept-search-files}.txt; app/Http/Controllers/OnlineExamController.php; app/Models/OnlineExam*.php; routes/web.php; app/Console/Kernel.php","online_exams; online_exam_questions; online_exam_submissions / exam-owned tables; no supporting implementation found","No connected implementation found.","No supporting route/service/storage/UI workflow found.","Target workflow is unavailable.","Add exam accommodations referencing existing user; inclusive renderer/media schema and alternatives.","HIGH"
"15 Accessibility","Reduced-distraction mode","MISSING","E19: Markup and browser-script inspection; no assistive-technology session run / E20: Filename + concept search and connected path inspection","resources/views/student/online_exam/{instructions,take,result,list}.blade.php; resources/views/teacher/online_exam/question_form.blade.php; resources/views/admin/online_exam/modal.blade.php / docs/online-exams-audit/{core-search-files,concept-search-files}.txt; app/Http/Controllers/OnlineExamController.php; app/Models/OnlineExam*.php; routes/web.php; app/Console/Kernel.php","online_exams; online_exam_questions; online_exam_submissions / exam-owned tables; no supporting implementation found","No connected implementation found.","No supporting route/service/storage/UI workflow found.","Target workflow is unavailable.","Add exam accommodations referencing existing user; inclusive renderer/media schema and alternatives.","HIGH"
"15 Accessibility","Alternative assessment/proctoring arrangements","MISSING","E19: Markup and browser-script inspection; no assistive-technology session run / E20: Filename + concept search and connected path inspection","resources/views/student/online_exam/{instructions,take,result,list}.blade.php; resources/views/teacher/online_exam/question_form.blade.php; resources/views/admin/online_exam/modal.blade.php / docs/online-exams-audit/{core-search-files,concept-search-files}.txt; app/Http/Controllers/OnlineExamController.php; app/Models/OnlineExam*.php; routes/web.php; app/Console/Kernel.php","online_exams; online_exam_questions; online_exam_submissions / exam-owned tables; no supporting implementation found","No connected implementation found.","No supporting route/service/storage/UI workflow found.","Target workflow is unavailable.","Add exam accommodations referencing existing user; inclusive renderer/media schema and alternatives.","HIGH"
"16 Incidents and appeals","Technical incidents","MISSING","E11: Full event/camera/readiness/timeline trace; no recording pipeline found / E15: Audit sink/call-site inspection; no immutable exam revision table / E20: Filename + concept search and connected path inspection","app/Http/Controllers/OnlineExamController.php:1238-1253,1524-1546,1629-1646; app/Models/OnlineExamProctoringEvent.php; app/Http/Requests/OnlineExam/{CameraReadinessRequest,ProctoringEventRequest}.php; resources/views/admin/online_exam/proctoring.blade.php; resources/views/student/online_exam/{instructions,take}.blade.php / app/Models/AuditLog.php; app/Providers/AuditServiceProvider.php; app/Http/Middleware/TrackModuleAccess.php; app/Http/Controllers/OnlineExamController.php / docs/online-exams-audit/{core-search-files,concept-search-files}.txt; app/Http/Controllers/OnlineExamController.php; app/Models/OnlineExam*.php; routes/web.php; app/Console/Kernel.php","online_exam_proctoring_events; online_exam_submissions / audit_logs; online_exam_proctoring_events; online_exam_answers / exam-owned tables; no supporting implementation found","No connected implementation found.","No supporting route/service/storage/UI workflow found.","Target workflow is unavailable.","Exam-owned case/intervention/evidence records with explicit human decisions and existing identity/notifications/audit integration.","HIGH"
"16 Incidents and appeals","Defective-question reports","MISSING","E11: Full event/camera/readiness/timeline trace; no recording pipeline found / E15: Audit sink/call-site inspection; no immutable exam revision table / E20: Filename + concept search and connected path inspection","app/Http/Controllers/OnlineExamController.php:1238-1253,1524-1546,1629-1646; app/Models/OnlineExamProctoringEvent.php; app/Http/Requests/OnlineExam/{CameraReadinessRequest,ProctoringEventRequest}.php; resources/views/admin/online_exam/proctoring.blade.php; resources/views/student/online_exam/{instructions,take}.blade.php / app/Models/AuditLog.php; app/Providers/AuditServiceProvider.php; app/Http/Middleware/TrackModuleAccess.php; app/Http/Controllers/OnlineExamController.php / docs/online-exams-audit/{core-search-files,concept-search-files}.txt; app/Http/Controllers/OnlineExamController.php; app/Models/OnlineExam*.php; routes/web.php; app/Console/Kernel.php","online_exam_proctoring_events; online_exam_submissions / audit_logs; online_exam_proctoring_events; online_exam_answers / exam-owned tables; no supporting implementation found","No connected implementation found.","No supporting route/service/storage/UI workflow found.","Target workflow is unavailable.","Exam-owned case/intervention/evidence records with explicit human decisions and existing identity/notifications/audit integration.","HIGH"
"16 Incidents and appeals","Exam reopening requests","MISSING","E11: Full event/camera/readiness/timeline trace; no recording pipeline found / E15: Audit sink/call-site inspection; no immutable exam revision table / E20: Filename + concept search and connected path inspection","app/Http/Controllers/OnlineExamController.php:1238-1253,1524-1546,1629-1646; app/Models/OnlineExamProctoringEvent.php; app/Http/Requests/OnlineExam/{CameraReadinessRequest,ProctoringEventRequest}.php; resources/views/admin/online_exam/proctoring.blade.php; resources/views/student/online_exam/{instructions,take}.blade.php / app/Models/AuditLog.php; app/Providers/AuditServiceProvider.php; app/Http/Middleware/TrackModuleAccess.php; app/Http/Controllers/OnlineExamController.php / docs/online-exams-audit/{core-search-files,concept-search-files}.txt; app/Http/Controllers/OnlineExamController.php; app/Models/OnlineExam*.php; routes/web.php; app/Console/Kernel.php","online_exam_proctoring_events; online_exam_submissions / audit_logs; online_exam_proctoring_events; online_exam_answers / exam-owned tables; no supporting implementation found","No connected implementation found.","No supporting route/service/storage/UI workflow found.","Target workflow is unavailable.","Exam-owned case/intervention/evidence records with explicit human decisions and existing identity/notifications/audit integration.","HIGH"
"16 Incidents and appeals","Malpractice cases","MISSING","E11: Full event/camera/readiness/timeline trace; no recording pipeline found / E15: Audit sink/call-site inspection; no immutable exam revision table / E20: Filename + concept search and connected path inspection","app/Http/Controllers/OnlineExamController.php:1238-1253,1524-1546,1629-1646; app/Models/OnlineExamProctoringEvent.php; app/Http/Requests/OnlineExam/{CameraReadinessRequest,ProctoringEventRequest}.php; resources/views/admin/online_exam/proctoring.blade.php; resources/views/student/online_exam/{instructions,take}.blade.php / app/Models/AuditLog.php; app/Providers/AuditServiceProvider.php; app/Http/Middleware/TrackModuleAccess.php; app/Http/Controllers/OnlineExamController.php / docs/online-exams-audit/{core-search-files,concept-search-files}.txt; app/Http/Controllers/OnlineExamController.php; app/Models/OnlineExam*.php; routes/web.php; app/Console/Kernel.php","online_exam_proctoring_events; online_exam_submissions / audit_logs; online_exam_proctoring_events; online_exam_answers / exam-owned tables; no supporting implementation found","No connected implementation found.","No supporting route/service/storage/UI workflow found.","Target workflow is unavailable.","Exam-owned case/intervention/evidence records with explicit human decisions and existing identity/notifications/audit integration.","HIGH"
"16 Incidents and appeals","Incident evidence","MISSING","E11: Full event/camera/readiness/timeline trace; no recording pipeline found / E15: Audit sink/call-site inspection; no immutable exam revision table / E20: Filename + concept search and connected path inspection","app/Http/Controllers/OnlineExamController.php:1238-1253,1524-1546,1629-1646; app/Models/OnlineExamProctoringEvent.php; app/Http/Requests/OnlineExam/{CameraReadinessRequest,ProctoringEventRequest}.php; resources/views/admin/online_exam/proctoring.blade.php; resources/views/student/online_exam/{instructions,take}.blade.php / app/Models/AuditLog.php; app/Providers/AuditServiceProvider.php; app/Http/Middleware/TrackModuleAccess.php; app/Http/Controllers/OnlineExamController.php / docs/online-exams-audit/{core-search-files,concept-search-files}.txt; app/Http/Controllers/OnlineExamController.php; app/Models/OnlineExam*.php; routes/web.php; app/Console/Kernel.php","online_exam_proctoring_events; online_exam_submissions / audit_logs; online_exam_proctoring_events; online_exam_answers / exam-owned tables; no supporting implementation found","No connected implementation found.","No supporting route/service/storage/UI workflow found.","Target workflow is unavailable.","Exam-owned case/intervention/evidence records with explicit human decisions and existing identity/notifications/audit integration.","HIGH"
"16 Incidents and appeals","Reviewer assignment","MISSING","E11: Full event/camera/readiness/timeline trace; no recording pipeline found / E15: Audit sink/call-site inspection; no immutable exam revision table / E20: Filename + concept search and connected path inspection","app/Http/Controllers/OnlineExamController.php:1238-1253,1524-1546,1629-1646; app/Models/OnlineExamProctoringEvent.php; app/Http/Requests/OnlineExam/{CameraReadinessRequest,ProctoringEventRequest}.php; resources/views/admin/online_exam/proctoring.blade.php; resources/views/student/online_exam/{instructions,take}.blade.php / app/Models/AuditLog.php; app/Providers/AuditServiceProvider.php; app/Http/Middleware/TrackModuleAccess.php; app/Http/Controllers/OnlineExamController.php / docs/online-exams-audit/{core-search-files,concept-search-files}.txt; app/Http/Controllers/OnlineExamController.php; app/Models/OnlineExam*.php; routes/web.php; app/Console/Kernel.php","online_exam_proctoring_events; online_exam_submissions / audit_logs; online_exam_proctoring_events; online_exam_answers / exam-owned tables; no supporting implementation found","No connected implementation found.","No supporting route/service/storage/UI workflow found.","Target workflow is unavailable.","Exam-owned case/intervention/evidence records with explicit human decisions and existing identity/notifications/audit integration.","HIGH"
"16 Incidents and appeals","Case decision","MISSING","E11: Full event/camera/readiness/timeline trace; no recording pipeline found / E15: Audit sink/call-site inspection; no immutable exam revision table / E20: Filename + concept search and connected path inspection","app/Http/Controllers/OnlineExamController.php:1238-1253,1524-1546,1629-1646; app/Models/OnlineExamProctoringEvent.php; app/Http/Requests/OnlineExam/{CameraReadinessRequest,ProctoringEventRequest}.php; resources/views/admin/online_exam/proctoring.blade.php; resources/views/student/online_exam/{instructions,take}.blade.php / app/Models/AuditLog.php; app/Providers/AuditServiceProvider.php; app/Http/Middleware/TrackModuleAccess.php; app/Http/Controllers/OnlineExamController.php / docs/online-exams-audit/{core-search-files,concept-search-files}.txt; app/Http/Controllers/OnlineExamController.php; app/Models/OnlineExam*.php; routes/web.php; app/Console/Kernel.php","online_exam_proctoring_events; online_exam_submissions / audit_logs; online_exam_proctoring_events; online_exam_answers / exam-owned tables; no supporting implementation found","No connected implementation found.","No supporting route/service/storage/UI workflow found.","Target workflow is unavailable.","Exam-owned case/intervention/evidence records with explicit human decisions and existing identity/notifications/audit integration.","HIGH"
"16 Incidents and appeals","Appeal","MISSING","E11: Full event/camera/readiness/timeline trace; no recording pipeline found / E15: Audit sink/call-site inspection; no immutable exam revision table / E20: Filename + concept search and connected path inspection","app/Http/Controllers/OnlineExamController.php:1238-1253,1524-1546,1629-1646; app/Models/OnlineExamProctoringEvent.php; app/Http/Requests/OnlineExam/{CameraReadinessRequest,ProctoringEventRequest}.php; resources/views/admin/online_exam/proctoring.blade.php; resources/views/student/online_exam/{instructions,take}.blade.php / app/Models/AuditLog.php; app/Providers/AuditServiceProvider.php; app/Http/Middleware/TrackModuleAccess.php; app/Http/Controllers/OnlineExamController.php / docs/online-exams-audit/{core-search-files,concept-search-files}.txt; app/Http/Controllers/OnlineExamController.php; app/Models/OnlineExam*.php; routes/web.php; app/Console/Kernel.php","online_exam_proctoring_events; online_exam_submissions / audit_logs; online_exam_proctoring_events; online_exam_answers / exam-owned tables; no supporting implementation found","No connected implementation found.","No supporting route/service/storage/UI workflow found.","Target workflow is unavailable.","Exam-owned case/intervention/evidence records with explicit human decisions and existing identity/notifications/audit integration.","HIGH"
"16 Incidents and appeals","Second review","MISSING","E11: Full event/camera/readiness/timeline trace; no recording pipeline found / E15: Audit sink/call-site inspection; no immutable exam revision table / E20: Filename + concept search and connected path inspection","app/Http/Controllers/OnlineExamController.php:1238-1253,1524-1546,1629-1646; app/Models/OnlineExamProctoringEvent.php; app/Http/Requests/OnlineExam/{CameraReadinessRequest,ProctoringEventRequest}.php; resources/views/admin/online_exam/proctoring.blade.php; resources/views/student/online_exam/{instructions,take}.blade.php / app/Models/AuditLog.php; app/Providers/AuditServiceProvider.php; app/Http/Middleware/TrackModuleAccess.php; app/Http/Controllers/OnlineExamController.php / docs/online-exams-audit/{core-search-files,concept-search-files}.txt; app/Http/Controllers/OnlineExamController.php; app/Models/OnlineExam*.php; routes/web.php; app/Console/Kernel.php","online_exam_proctoring_events; online_exam_submissions / audit_logs; online_exam_proctoring_events; online_exam_answers / exam-owned tables; no supporting implementation found","No connected implementation found.","No supporting route/service/storage/UI workflow found.","Target workflow is unavailable.","Exam-owned case/intervention/evidence records with explicit human decisions and existing identity/notifications/audit integration.","HIGH"
"16 Incidents and appeals","Candidate decision notification","MISSING","E11: Full event/camera/readiness/timeline trace; no recording pipeline found / E15: Audit sink/call-site inspection; no immutable exam revision table / E20: Filename + concept search and connected path inspection","app/Http/Controllers/OnlineExamController.php:1238-1253,1524-1546,1629-1646; app/Models/OnlineExamProctoringEvent.php; app/Http/Requests/OnlineExam/{CameraReadinessRequest,ProctoringEventRequest}.php; resources/views/admin/online_exam/proctoring.blade.php; resources/views/student/online_exam/{instructions,take}.blade.php / app/Models/AuditLog.php; app/Providers/AuditServiceProvider.php; app/Http/Middleware/TrackModuleAccess.php; app/Http/Controllers/OnlineExamController.php / docs/online-exams-audit/{core-search-files,concept-search-files}.txt; app/Http/Controllers/OnlineExamController.php; app/Models/OnlineExam*.php; routes/web.php; app/Console/Kernel.php","online_exam_proctoring_events; online_exam_submissions / audit_logs; online_exam_proctoring_events; online_exam_answers / exam-owned tables; no supporting implementation found","No connected implementation found.","No supporting route/service/storage/UI workflow found.","Target workflow is unavailable.","Exam-owned case/intervention/evidence records with explicit human decisions and existing identity/notifications/audit integration.","HIGH"
"16 Incidents and appeals","Immutable case history","MISSING","E11: Full event/camera/readiness/timeline trace; no recording pipeline found / E15: Audit sink/call-site inspection; no immutable exam revision table / E20: Filename + concept search and connected path inspection","app/Http/Controllers/OnlineExamController.php:1238-1253,1524-1546,1629-1646; app/Models/OnlineExamProctoringEvent.php; app/Http/Requests/OnlineExam/{CameraReadinessRequest,ProctoringEventRequest}.php; resources/views/admin/online_exam/proctoring.blade.php; resources/views/student/online_exam/{instructions,take}.blade.php / app/Models/AuditLog.php; app/Providers/AuditServiceProvider.php; app/Http/Middleware/TrackModuleAccess.php; app/Http/Controllers/OnlineExamController.php / docs/online-exams-audit/{core-search-files,concept-search-files}.txt; app/Http/Controllers/OnlineExamController.php; app/Models/OnlineExam*.php; routes/web.php; app/Console/Kernel.php","online_exam_proctoring_events; online_exam_submissions / audit_logs; online_exam_proctoring_events; online_exam_answers / exam-owned tables; no supporting implementation found","No connected implementation found.","No supporting route/service/storage/UI workflow found.","Target workflow is unavailable.","Exam-owned case/intervention/evidence records with explicit human decisions and existing identity/notifications/audit integration.","HIGH"
"17 Roles","System Administrator","PARTIAL","E01: Registered route/middleware inspection; routes.json; isolated route probes / E10: Policy/permission/role inspection; isolation tests; deny/officer probes","routes/web.php:1313-1398; app/Http/Kernel.php; app/Http/Middleware/{Admin,Teacher,Student,Examinations}Middleware.php / app/Support/Permissions/{OnlineExamPermissionService,OnlineExamAuthorizer}.php; app/Policies/OnlineExam*.php; database/seeders/OnlineExamPermissionSeeder.php; app/Models/AuditLog.php:45-53","users; roles; schools / roles; users; global_settings; online_exams; online_exam_submissions","Actual role 1 superadmin; service grants permissions.","Institution routes reject role 1/null-school context; no explicit institution exam delegation.","Cannot assume superadmin is an exam operator.","Define platform oversight and explicit scoped institution access without bypass.","HIGH"
"17 Roles","Institution Administrator","PARTIAL","E10: Policy/permission/role inspection; isolation tests; deny/officer probes","app/Support/Permissions/{OnlineExamPermissionService,OnlineExamAuthorizer}.php; app/Policies/OnlineExam*.php; database/seeders/OnlineExamPermissionSeeder.php; app/Models/AuditLog.php:45-53","roles; users; global_settings; online_exams; online_exam_submissions","Actual role 2 admin; broad exam permissions.","Transition/release/bank bugs remain; no segregation of duties.","Excessively broad authority for high-stakes process.","Preserve admin role but require explicit exam actions and review gates.","HIGH"
"17 Roles","Examination Officer","BROKEN","E10: Policy/permission/role inspection; isolation tests; deny/officer probes","app/Support/Permissions/{OnlineExamPermissionService,OnlineExamAuthorizer}.php; app/Policies/OnlineExam*.php; database/seeders/OnlineExamPermissionSeeder.php; app/Models/AuditLog.php:45-53","roles; users; global_settings; online_exams; online_exam_submissions","Code role 19 grants read/proctoring; ExaminationsMiddleware recognizes 19.","Policies require manage/edit ownership; no role 19 configured; AuditLog calls 19 Admissions Staff.","Role meaning/access conflict.","Resolve using actual intended role registration; exam-specific read/review policy tests.","HIGH"
"17 Roles","Question Author","PARTIAL","E03: Teacher workflow source; TeacherOnlineExamTest; runtime-probes.json / E10: Policy/permission/role inspection; isolation tests; deny/officer probes","app/Http/Controllers/OnlineExamController.php:455-1138,1816-1850; resources/views/teacher/online_exam/; app/Http/Requests/OnlineExam/UpdateOnlineExamRequest.php:23 / app/Support/Permissions/{OnlineExamPermissionService,OnlineExamAuthorizer}.php; app/Policies/OnlineExam*.php; database/seeders/OnlineExamPermissionSeeder.php; app/Models/AuditLog.php:45-53","online_exams; online_exam_questions; teacher_permissions; teacher_programme_assignments; subjects / roles; users; global_settings; online_exams; online_exam_submissions","Actual role 3 teacher creates own exams/questions and marks.","No distinct author/marker assignment; teacher bank access/edit defects; subject options class-only.","Segregation/tertiary usability gaps.","Scoped exam assignments/permissions over existing users.","HIGH"
"17 Roles","Lecturer","PARTIAL","E03: Teacher workflow source; TeacherOnlineExamTest; runtime-probes.json / E10: Policy/permission/role inspection; isolation tests; deny/officer probes","app/Http/Controllers/OnlineExamController.php:455-1138,1816-1850; resources/views/teacher/online_exam/; app/Http/Requests/OnlineExam/UpdateOnlineExamRequest.php:23 / app/Support/Permissions/{OnlineExamPermissionService,OnlineExamAuthorizer}.php; app/Policies/OnlineExam*.php; database/seeders/OnlineExamPermissionSeeder.php; app/Models/AuditLog.php:45-53","online_exams; online_exam_questions; teacher_permissions; teacher_programme_assignments; subjects / roles; users; global_settings; online_exams; online_exam_submissions","Actual role 3 teacher creates own exams/questions and marks.","No distinct author/marker assignment; teacher bank access/edit defects; subject options class-only.","Segregation/tertiary usability gaps.","Scoped exam assignments/permissions over existing users.","HIGH"
"17 Roles","Marker","PARTIAL","E03: Teacher workflow source; TeacherOnlineExamTest; runtime-probes.json / E10: Policy/permission/role inspection; isolation tests; deny/officer probes","app/Http/Controllers/OnlineExamController.php:455-1138,1816-1850; resources/views/teacher/online_exam/; app/Http/Requests/OnlineExam/UpdateOnlineExamRequest.php:23 / app/Support/Permissions/{OnlineExamPermissionService,OnlineExamAuthorizer}.php; app/Policies/OnlineExam*.php; database/seeders/OnlineExamPermissionSeeder.php; app/Models/AuditLog.php:45-53","online_exams; online_exam_questions; teacher_permissions; teacher_programme_assignments; subjects / roles; users; global_settings; online_exams; online_exam_submissions","Actual role 3 teacher creates own exams/questions and marks.","No distinct author/marker assignment; teacher bank access/edit defects; subject options class-only.","Segregation/tertiary usability gaps.","Scoped exam assignments/permissions over existing users.","HIGH"
"17 Roles","Student/Candidate","PARTIAL","E06: Delivery/eligibility source; OnlineExamStudentFrontendTest and StudentAttemptTest / E10: Policy/permission/role inspection; isolation tests; deny/officer probes","app/Http/Controllers/OnlineExamController.php:1141-1454,1924-1945; app/Models/{OnlineExam,OnlineExamSubmission}.php; resources/views/student/online_exam/{instructions,list,take}.blade.php / app/Support/Permissions/{OnlineExamPermissionService,OnlineExamAuthorizer}.php; app/Policies/OnlineExam*.php; database/seeders/OnlineExamPermissionSeeder.php; app/Models/AuditLog.php:45-53","online_exams; online_exam_questions; online_exam_submissions; enrollment; users / roles; users; global_settings; online_exams; online_exam_submissions","Code/seed role 7 student, existing User identity.","No student user currently seeded; eligibility/results defects.","Cannot certify populated live candidate journey.","Use existing student provisioning in approved testing; fix eligibility.","HIGH"
"17 Roles","Question Reviewer","MISSING","E10: Policy/permission/role inspection; isolation tests; deny/officer probes / E20: Filename + concept search and connected path inspection","app/Support/Permissions/{OnlineExamPermissionService,OnlineExamAuthorizer}.php; app/Policies/OnlineExam*.php; database/seeders/OnlineExamPermissionSeeder.php; app/Models/AuditLog.php:45-53 / docs/online-exams-audit/{core-search-files,concept-search-files}.txt; app/Http/Controllers/OnlineExamController.php; app/Models/OnlineExam*.php; routes/web.php; app/Console/Kernel.php","roles; users; global_settings; online_exams; online_exam_submissions / exam-owned tables; no supporting implementation found","No connected implementation found.","No supporting route/service/storage/UI workflow found.","Target workflow is unavailable.","Map permission bundles and exam-level assignments to existing roles/users; do not invent hard-coded IDs.","HIGH"
"17 Roles","Chief Examiner","MISSING","E10: Policy/permission/role inspection; isolation tests; deny/officer probes / E20: Filename + concept search and connected path inspection","app/Support/Permissions/{OnlineExamPermissionService,OnlineExamAuthorizer}.php; app/Policies/OnlineExam*.php; database/seeders/OnlineExamPermissionSeeder.php; app/Models/AuditLog.php:45-53 / docs/online-exams-audit/{core-search-files,concept-search-files}.txt; app/Http/Controllers/OnlineExamController.php; app/Models/OnlineExam*.php; routes/web.php; app/Console/Kernel.php","roles; users; global_settings; online_exams; online_exam_submissions / exam-owned tables; no supporting implementation found","No connected implementation found.","No supporting route/service/storage/UI workflow found.","Target workflow is unavailable.","Map permission bundles and exam-level assignments to existing roles/users; do not invent hard-coded IDs.","HIGH"
"17 Roles","Invigilator/Proctor","MISSING","E10: Policy/permission/role inspection; isolation tests; deny/officer probes / E20: Filename + concept search and connected path inspection","app/Support/Permissions/{OnlineExamPermissionService,OnlineExamAuthorizer}.php; app/Policies/OnlineExam*.php; database/seeders/OnlineExamPermissionSeeder.php; app/Models/AuditLog.php:45-53 / docs/online-exams-audit/{core-search-files,concept-search-files}.txt; app/Http/Controllers/OnlineExamController.php; app/Models/OnlineExam*.php; routes/web.php; app/Console/Kernel.php","roles; users; global_settings; online_exams; online_exam_submissions / exam-owned tables; no supporting implementation found","No connected implementation found.","No supporting route/service/storage/UI workflow found.","Target workflow is unavailable.","Map permission bundles and exam-level assignments to existing roles/users; do not invent hard-coded IDs.","HIGH"
"17 Roles","Auditor","MISSING","E10: Policy/permission/role inspection; isolation tests; deny/officer probes / E20: Filename + concept search and connected path inspection","app/Support/Permissions/{OnlineExamPermissionService,OnlineExamAuthorizer}.php; app/Policies/OnlineExam*.php; database/seeders/OnlineExamPermissionSeeder.php; app/Models/AuditLog.php:45-53 / docs/online-exams-audit/{core-search-files,concept-search-files}.txt; app/Http/Controllers/OnlineExamController.php; app/Models/OnlineExam*.php; routes/web.php; app/Console/Kernel.php","roles; users; global_settings; online_exams; online_exam_submissions / exam-owned tables; no supporting implementation found","No connected implementation found.","No supporting route/service/storage/UI workflow found.","Target workflow is unavailable.","Map permission bundles and exam-level assignments to existing roles/users; do not invent hard-coded IDs.","HIGH"
"18 Privacy","Exam data access","PARTIAL","E10: Policy/permission/role inspection; isolation tests; deny/officer probes / E11: Full event/camera/readiness/timeline trace; no recording pipeline found","app/Support/Permissions/{OnlineExamPermissionService,OnlineExamAuthorizer}.php; app/Policies/OnlineExam*.php; database/seeders/OnlineExamPermissionSeeder.php; app/Models/AuditLog.php:45-53 / app/Http/Controllers/OnlineExamController.php:1238-1253,1524-1546,1629-1646; app/Models/OnlineExamProctoringEvent.php; app/Http/Requests/OnlineExam/{CameraReadinessRequest,ProctoringEventRequest}.php; resources/views/admin/online_exam/proctoring.blade.php; resources/views/student/online_exam/{instructions,take}.blade.php","roles; users; global_settings; online_exams; online_exam_submissions / online_exam_proctoring_events; online_exam_submissions","School/owner policies and escaped staff pages.","Bank relation scope defect; excessive role aliases; incomplete release gates.","Unauthorized or premature disclosure.","Action-specific access, tenant tests and explicit publication.","HIGH"
"18 Privacy","Institution isolation","PARTIAL","E10: Policy/permission/role inspection; isolation tests; deny/officer probes / E11: Full event/camera/readiness/timeline trace; no recording pipeline found","app/Support/Permissions/{OnlineExamPermissionService,OnlineExamAuthorizer}.php; app/Policies/OnlineExam*.php; database/seeders/OnlineExamPermissionSeeder.php; app/Models/AuditLog.php:45-53 / app/Http/Controllers/OnlineExamController.php:1238-1253,1524-1546,1629-1646; app/Models/OnlineExamProctoringEvent.php; app/Http/Requests/OnlineExam/{CameraReadinessRequest,ProctoringEventRequest}.php; resources/views/admin/online_exam/proctoring.blade.php; resources/views/student/online_exam/{instructions,take}.blade.php","roles; users; global_settings; online_exams; online_exam_submissions / online_exam_proctoring_events; online_exam_submissions","School/owner policies and escaped staff pages.","Bank relation scope defect; excessive role aliases; incomplete release gates.","Unauthorized or premature disclosure.","Action-specific access, tenant tests and explicit publication.","HIGH"
"18 Privacy","Audit trail","PARTIAL","E15: Audit sink/call-site inspection; no immutable exam revision table","app/Models/AuditLog.php; app/Providers/AuditServiceProvider.php; app/Http/Middleware/TrackModuleAccess.php; app/Http/Controllers/OnlineExamController.php","audit_logs; online_exam_proctoring_events; online_exam_answers","Existing action/access/IP logs used.","No immutable exam revisions/old-new marks; logger fails open; role labels conflict.","Cannot prove complete grade/evidence history.","Structured exam revisions and audited interventions linked to shared log.","HIGH"
"18 Privacy","Recording storage","MISSING","E11: Full event/camera/readiness/timeline trace; no recording pipeline found / E20: Filename + concept search and connected path inspection","app/Http/Controllers/OnlineExamController.php:1238-1253,1524-1546,1629-1646; app/Models/OnlineExamProctoringEvent.php; app/Http/Requests/OnlineExam/{CameraReadinessRequest,ProctoringEventRequest}.php; resources/views/admin/online_exam/proctoring.blade.php; resources/views/student/online_exam/{instructions,take}.blade.php / docs/online-exams-audit/{core-search-files,concept-search-files}.txt; app/Http/Controllers/OnlineExamController.php; app/Models/OnlineExam*.php; routes/web.php; app/Console/Kernel.php","online_exam_proctoring_events; online_exam_submissions / exam-owned tables; no supporting implementation found","No connected implementation found.","No supporting route/service/storage/UI workflow found.","Target workflow is unavailable.","Design private evidence lifecycle, purpose/access/retention/appeal controls before capture.","HIGH"
"18 Privacy","Evidence retention","MISSING","E11: Full event/camera/readiness/timeline trace; no recording pipeline found / E20: Filename + concept search and connected path inspection","app/Http/Controllers/OnlineExamController.php:1238-1253,1524-1546,1629-1646; app/Models/OnlineExamProctoringEvent.php; app/Http/Requests/OnlineExam/{CameraReadinessRequest,ProctoringEventRequest}.php; resources/views/admin/online_exam/proctoring.blade.php; resources/views/student/online_exam/{instructions,take}.blade.php / docs/online-exams-audit/{core-search-files,concept-search-files}.txt; app/Http/Controllers/OnlineExamController.php; app/Models/OnlineExam*.php; routes/web.php; app/Console/Kernel.php","online_exam_proctoring_events; online_exam_submissions / exam-owned tables; no supporting implementation found","No connected implementation found.","No supporting route/service/storage/UI workflow found.","Target workflow is unavailable.","Design private evidence lifecycle, purpose/access/retention/appeal controls before capture.","HIGH"
"18 Privacy","Candidate identity-document handling","MISSING","E11: Full event/camera/readiness/timeline trace; no recording pipeline found / E20: Filename + concept search and connected path inspection","app/Http/Controllers/OnlineExamController.php:1238-1253,1524-1546,1629-1646; app/Models/OnlineExamProctoringEvent.php; app/Http/Requests/OnlineExam/{CameraReadinessRequest,ProctoringEventRequest}.php; resources/views/admin/online_exam/proctoring.blade.php; resources/views/student/online_exam/{instructions,take}.blade.php / docs/online-exams-audit/{core-search-files,concept-search-files}.txt; app/Http/Controllers/OnlineExamController.php; app/Models/OnlineExam*.php; routes/web.php; app/Console/Kernel.php","online_exam_proctoring_events; online_exam_submissions / exam-owned tables; no supporting implementation found","No connected implementation found.","No supporting route/service/storage/UI workflow found.","Target workflow is unavailable.","Design private evidence lifecycle, purpose/access/retention/appeal controls before capture.","HIGH"
"18 Privacy","Retention policy","MISSING","E11: Full event/camera/readiness/timeline trace; no recording pipeline found / E20: Filename + concept search and connected path inspection","app/Http/Controllers/OnlineExamController.php:1238-1253,1524-1546,1629-1646; app/Models/OnlineExamProctoringEvent.php; app/Http/Requests/OnlineExam/{CameraReadinessRequest,ProctoringEventRequest}.php; resources/views/admin/online_exam/proctoring.blade.php; resources/views/student/online_exam/{instructions,take}.blade.php / docs/online-exams-audit/{core-search-files,concept-search-files}.txt; app/Http/Controllers/OnlineExamController.php; app/Models/OnlineExam*.php; routes/web.php; app/Console/Kernel.php","online_exam_proctoring_events; online_exam_submissions / exam-owned tables; no supporting implementation found","No connected implementation found.","No supporting route/service/storage/UI workflow found.","Target workflow is unavailable.","Design private evidence lifecycle, purpose/access/retention/appeal controls before capture.","HIGH"
"18 Privacy","Controlled deletion/anonymization","MISSING","E11: Full event/camera/readiness/timeline trace; no recording pipeline found / E20: Filename + concept search and connected path inspection","app/Http/Controllers/OnlineExamController.php:1238-1253,1524-1546,1629-1646; app/Models/OnlineExamProctoringEvent.php; app/Http/Requests/OnlineExam/{CameraReadinessRequest,ProctoringEventRequest}.php; resources/views/admin/online_exam/proctoring.blade.php; resources/views/student/online_exam/{instructions,take}.blade.php / docs/online-exams-audit/{core-search-files,concept-search-files}.txt; app/Http/Controllers/OnlineExamController.php; app/Models/OnlineExam*.php; routes/web.php; app/Console/Kernel.php","online_exam_proctoring_events; online_exam_submissions / exam-owned tables; no supporting implementation found","No connected implementation found.","No supporting route/service/storage/UI workflow found.","Target workflow is unavailable.","Design private evidence lifecycle, purpose/access/retention/appeal controls before capture.","HIGH"
"18 Privacy","Encryption at rest","RUNTIME VERIFICATION REQUIRED","E11: Full event/camera/readiness/timeline trace; no recording pipeline found / E14: Live SHOW CREATE TABLE/SHOW INDEX inspection versus migrations/test schema","app/Http/Controllers/OnlineExamController.php:1238-1253,1524-1546,1629-1646; app/Models/OnlineExamProctoringEvent.php; app/Http/Requests/OnlineExam/{CameraReadinessRequest,ProctoringEventRequest}.php; resources/views/admin/online_exam/proctoring.blade.php; resources/views/student/online_exam/{instructions,take}.blade.php / docs/online-exams-audit/live-schema.json; database/migrations/*online_exam*.php; database/migrations/2026_07_02_125458_create_question_banks_table.php; tests/Feature/Support/OnlineExamTestHelper.php","online_exam_proctoring_events; online_exam_submissions / all seven exam/question-bank tables","No exam-specific encrypted casts/evidence storage; current local app uses HTTP.","Disk/database/backups/TLS deployment not established by this source audit.","Sensitive exam/identity data could be exposed operationally.","Verify deployment controls; use private encrypted evidence storage when introduced.","HIGH"
"18 Privacy","Production transport security","RUNTIME VERIFICATION REQUIRED","E11: Full event/camera/readiness/timeline trace; no recording pipeline found / E14: Live SHOW CREATE TABLE/SHOW INDEX inspection versus migrations/test schema","app/Http/Controllers/OnlineExamController.php:1238-1253,1524-1546,1629-1646; app/Models/OnlineExamProctoringEvent.php; app/Http/Requests/OnlineExam/{CameraReadinessRequest,ProctoringEventRequest}.php; resources/views/admin/online_exam/proctoring.blade.php; resources/views/student/online_exam/{instructions,take}.blade.php / docs/online-exams-audit/live-schema.json; database/migrations/*online_exam*.php; database/migrations/2026_07_02_125458_create_question_banks_table.php; tests/Feature/Support/OnlineExamTestHelper.php","online_exam_proctoring_events; online_exam_submissions / all seven exam/question-bank tables","No exam-specific encrypted casts/evidence storage; current local app uses HTTP.","Disk/database/backups/TLS deployment not established by this source audit.","Sensitive exam/identity data could be exposed operationally.","Verify deployment controls; use private encrypted evidence storage when introduced.","HIGH"
"19 Integrations","Student Records","PARTIAL","E10: Policy/permission/role inspection; isolation tests; deny/officer probes / E17: Existing authoritative model/schema inspection and exam consumer trace","app/Support/Permissions/{OnlineExamPermissionService,OnlineExamAuthorizer}.php; app/Policies/OnlineExam*.php; database/seeders/OnlineExamPermissionSeeder.php; app/Models/AuditLog.php:45-53 / app/Models/{User,School,Enrollment,StudentProfile,Subject,Programme,Session,TeacherPermission,TeacherProgrammeAssignment}.php; app/Http/Controllers/OnlineExamController.php:1816-1850,1924-1933","roles; users; global_settings; online_exams; online_exam_submissions / users; schools; departments; programmes; classes; subjects; sessions; enrollment; student_profiles; teacher_permissions; teacher_programme_assignments","Existing identity, school and role sources reused.","Role/eligibility gaps, not duplicate identities.","Unsafe fixes could fork identity/tenant rules.","Keep authoritative models; exam-local services/policies.","HIGH"
"19 Integrations","Users/authentication","PARTIAL","E10: Policy/permission/role inspection; isolation tests; deny/officer probes / E17: Existing authoritative model/schema inspection and exam consumer trace","app/Support/Permissions/{OnlineExamPermissionService,OnlineExamAuthorizer}.php; app/Policies/OnlineExam*.php; database/seeders/OnlineExamPermissionSeeder.php; app/Models/AuditLog.php:45-53 / app/Models/{User,School,Enrollment,StudentProfile,Subject,Programme,Session,TeacherPermission,TeacherProgrammeAssignment}.php; app/Http/Controllers/OnlineExamController.php:1816-1850,1924-1933","roles; users; global_settings; online_exams; online_exam_submissions / users; schools; departments; programmes; classes; subjects; sessions; enrollment; student_profiles; teacher_permissions; teacher_programme_assignments","Existing identity, school and role sources reused.","Role/eligibility gaps, not duplicate identities.","Unsafe fixes could fork identity/tenant rules.","Keep authoritative models; exam-local services/policies.","HIGH"
"19 Integrations","Schools","PARTIAL","E10: Policy/permission/role inspection; isolation tests; deny/officer probes / E17: Existing authoritative model/schema inspection and exam consumer trace","app/Support/Permissions/{OnlineExamPermissionService,OnlineExamAuthorizer}.php; app/Policies/OnlineExam*.php; database/seeders/OnlineExamPermissionSeeder.php; app/Models/AuditLog.php:45-53 / app/Models/{User,School,Enrollment,StudentProfile,Subject,Programme,Session,TeacherPermission,TeacherProgrammeAssignment}.php; app/Http/Controllers/OnlineExamController.php:1816-1850,1924-1933","roles; users; global_settings; online_exams; online_exam_submissions / users; schools; departments; programmes; classes; subjects; sessions; enrollment; student_profiles; teacher_permissions; teacher_programme_assignments","Existing identity, school and role sources reused.","Role/eligibility gaps, not duplicate identities.","Unsafe fixes could fork identity/tenant rules.","Keep authoritative models; exam-local services/policies.","HIGH"
"19 Integrations","Roles and permissions","PARTIAL","E10: Policy/permission/role inspection; isolation tests; deny/officer probes / E17: Existing authoritative model/schema inspection and exam consumer trace","app/Support/Permissions/{OnlineExamPermissionService,OnlineExamAuthorizer}.php; app/Policies/OnlineExam*.php; database/seeders/OnlineExamPermissionSeeder.php; app/Models/AuditLog.php:45-53 / app/Models/{User,School,Enrollment,StudentProfile,Subject,Programme,Session,TeacherPermission,TeacherProgrammeAssignment}.php; app/Http/Controllers/OnlineExamController.php:1816-1850,1924-1933","roles; users; global_settings; online_exams; online_exam_submissions / users; schools; departments; programmes; classes; subjects; sessions; enrollment; student_profiles; teacher_permissions; teacher_programme_assignments","Existing identity, school and role sources reused.","Role/eligibility gaps, not duplicate identities.","Unsafe fixes could fork identity/tenant rules.","Keep authoritative models; exam-local services/policies.","HIGH"
"19 Integrations","Academics/programmes","PARTIAL","E06: Delivery/eligibility source; OnlineExamStudentFrontendTest and StudentAttemptTest / E17: Existing authoritative model/schema inspection and exam consumer trace","app/Http/Controllers/OnlineExamController.php:1141-1454,1924-1945; app/Models/{OnlineExam,OnlineExamSubmission}.php; resources/views/student/online_exam/{instructions,list,take}.blade.php / app/Models/{User,School,Enrollment,StudentProfile,Subject,Programme,Session,TeacherPermission,TeacherProgrammeAssignment}.php; app/Http/Controllers/OnlineExamController.php:1816-1850,1924-1933","online_exams; online_exam_questions; online_exam_submissions; enrollment; users / users; schools; departments; programmes; classes; subjects; sessions; enrollment; student_profiles; teacher_permissions; teacher_programme_assignments","Class/subject relations and legacy Enrollment lookups.","Programme/profile/session ignored; departments only derivable.","Incorrect target cohort.","Eligibility service using existing academic records; exam-owned references.","HIGH"
"19 Integrations","Departments","PARTIAL","E06: Delivery/eligibility source; OnlineExamStudentFrontendTest and StudentAttemptTest / E17: Existing authoritative model/schema inspection and exam consumer trace","app/Http/Controllers/OnlineExamController.php:1141-1454,1924-1945; app/Models/{OnlineExam,OnlineExamSubmission}.php; resources/views/student/online_exam/{instructions,list,take}.blade.php / app/Models/{User,School,Enrollment,StudentProfile,Subject,Programme,Session,TeacherPermission,TeacherProgrammeAssignment}.php; app/Http/Controllers/OnlineExamController.php:1816-1850,1924-1933","online_exams; online_exam_questions; online_exam_submissions; enrollment; users / users; schools; departments; programmes; classes; subjects; sessions; enrollment; student_profiles; teacher_permissions; teacher_programme_assignments","Class/subject relations and legacy Enrollment lookups.","Programme/profile/session ignored; departments only derivable.","Incorrect target cohort.","Eligibility service using existing academic records; exam-owned references.","HIGH"
"19 Integrations","Classes","PARTIAL","E06: Delivery/eligibility source; OnlineExamStudentFrontendTest and StudentAttemptTest / E17: Existing authoritative model/schema inspection and exam consumer trace","app/Http/Controllers/OnlineExamController.php:1141-1454,1924-1945; app/Models/{OnlineExam,OnlineExamSubmission}.php; resources/views/student/online_exam/{instructions,list,take}.blade.php / app/Models/{User,School,Enrollment,StudentProfile,Subject,Programme,Session,TeacherPermission,TeacherProgrammeAssignment}.php; app/Http/Controllers/OnlineExamController.php:1816-1850,1924-1933","online_exams; online_exam_questions; online_exam_submissions; enrollment; users / users; schools; departments; programmes; classes; subjects; sessions; enrollment; student_profiles; teacher_permissions; teacher_programme_assignments","Class/subject relations and legacy Enrollment lookups.","Programme/profile/session ignored; departments only derivable.","Incorrect target cohort.","Eligibility service using existing academic records; exam-owned references.","HIGH"
"19 Integrations","Subjects","PARTIAL","E06: Delivery/eligibility source; OnlineExamStudentFrontendTest and StudentAttemptTest / E17: Existing authoritative model/schema inspection and exam consumer trace","app/Http/Controllers/OnlineExamController.php:1141-1454,1924-1945; app/Models/{OnlineExam,OnlineExamSubmission}.php; resources/views/student/online_exam/{instructions,list,take}.blade.php / app/Models/{User,School,Enrollment,StudentProfile,Subject,Programme,Session,TeacherPermission,TeacherProgrammeAssignment}.php; app/Http/Controllers/OnlineExamController.php:1816-1850,1924-1933","online_exams; online_exam_questions; online_exam_submissions; enrollment; users / users; schools; departments; programmes; classes; subjects; sessions; enrollment; student_profiles; teacher_permissions; teacher_programme_assignments","Class/subject relations and legacy Enrollment lookups.","Programme/profile/session ignored; departments only derivable.","Incorrect target cohort.","Eligibility service using existing academic records; exam-owned references.","HIGH"
"19 Integrations","Enrollment","PARTIAL","E06: Delivery/eligibility source; OnlineExamStudentFrontendTest and StudentAttemptTest / E17: Existing authoritative model/schema inspection and exam consumer trace","app/Http/Controllers/OnlineExamController.php:1141-1454,1924-1945; app/Models/{OnlineExam,OnlineExamSubmission}.php; resources/views/student/online_exam/{instructions,list,take}.blade.php / app/Models/{User,School,Enrollment,StudentProfile,Subject,Programme,Session,TeacherPermission,TeacherProgrammeAssignment}.php; app/Http/Controllers/OnlineExamController.php:1816-1850,1924-1933","online_exams; online_exam_questions; online_exam_submissions; enrollment; users / users; schools; departments; programmes; classes; subjects; sessions; enrollment; student_profiles; teacher_permissions; teacher_programme_assignments","Class/subject relations and legacy Enrollment lookups.","Programme/profile/session ignored; departments only derivable.","Incorrect target cohort.","Eligibility service using existing academic records; exam-owned references.","HIGH"
"19 Integrations","Academic Sessions","PARTIAL","E06: Delivery/eligibility source; OnlineExamStudentFrontendTest and StudentAttemptTest / E17: Existing authoritative model/schema inspection and exam consumer trace","app/Http/Controllers/OnlineExamController.php:1141-1454,1924-1945; app/Models/{OnlineExam,OnlineExamSubmission}.php; resources/views/student/online_exam/{instructions,list,take}.blade.php / app/Models/{User,School,Enrollment,StudentProfile,Subject,Programme,Session,TeacherPermission,TeacherProgrammeAssignment}.php; app/Http/Controllers/OnlineExamController.php:1816-1850,1924-1933","online_exams; online_exam_questions; online_exam_submissions; enrollment; users / users; schools; departments; programmes; classes; subjects; sessions; enrollment; student_profiles; teacher_permissions; teacher_programme_assignments","Class/subject relations and legacy Enrollment lookups.","Programme/profile/session ignored; departments only derivable.","Incorrect target cohort.","Eligibility service using existing academic records; exam-owned references.","HIGH"
"19 Integrations","Results/grades","PARTIAL","E16: Academic/report consumers; nonexistent submission.total_marks reference","app/Http/Controllers/ReportsController.php:91-94,163-174,223-243; resources/views/admin/reports/exams.blade.php; app/Models/Gradebook.php; database/migrations/2026_07_29_030000_add_programme_fields_to_gradebooks_table.php","online_exam_submissions; online_exams; gradebooks; grades","Existing report consumer.","No gradebook publishing; invalid totals.","Inconsistent academic records.","Scoped report fix now; approved idempotent publication adapter later.","HIGH"
"19 Integrations","Notifications","PARTIAL","E13: Notifier/scheduler source; OnlineExamRemindersTest; SMTP unconfigured in live runtime","app/Support/OnlineExams/{OnlineExamAnnouncementNotifier,OnlineExamResultNotifier}.php; app/Console/Commands/{SendOnlineExamStartReminders,SendOnlineExamResultEmails}.php; app/Console/Kernel.php; app/Mail/ApplicantNotificationEmail.php","online_exam_notifications; online_exam_submissions; global_settings; users; enrollment","Announcement/result emails, 24h/1h schedule and dedupe ledger.","Teacher calls omitted; send-before-ledger races; no per-recipient retries; SMTP absent locally.","Missing/duplicate candidate notices.","Queued/outbox dispatch with delivery ledger and shared eligibility.","HIGH"
"19 Integrations","Audit Logs","PARTIAL","E15: Audit sink/call-site inspection; no immutable exam revision table","app/Models/AuditLog.php; app/Providers/AuditServiceProvider.php; app/Http/Middleware/TrackModuleAccess.php; app/Http/Controllers/OnlineExamController.php","audit_logs; online_exam_proctoring_events; online_exam_answers","Existing AuditLog reused.","No detailed immutable score/intervention trail.","Weak appeals evidence.","Keep shared logger; add structured exam history.","HIGH"
"19 Integrations","Timetable integration","MISSING","E17: Existing authoritative model/schema inspection and exam consumer trace / E20: Filename + concept search and connected path inspection","app/Models/{User,School,Enrollment,StudentProfile,Subject,Programme,Session,TeacherPermission,TeacherProgrammeAssignment}.php; app/Http/Controllers/OnlineExamController.php:1816-1850,1924-1933 / docs/online-exams-audit/{core-search-files,concept-search-files}.txt; app/Http/Controllers/OnlineExamController.php; app/Models/OnlineExam*.php; routes/web.php; app/Console/Kernel.php","users; schools; departments; programmes; classes; subjects; sessions; enrollment; student_profiles; teacher_permissions; teacher_programme_assignments / exam-owned tables; no supporting implementation found","No connected implementation found.","No supporting route/service/storage/UI workflow found.","Target workflow is unavailable.","Optional read-only schedule conflict checks; never equate heartbeat with class attendance.","LOW"
"19 Integrations","Academic attendance integration","MISSING","E17: Existing authoritative model/schema inspection and exam consumer trace / E20: Filename + concept search and connected path inspection","app/Models/{User,School,Enrollment,StudentProfile,Subject,Programme,Session,TeacherPermission,TeacherProgrammeAssignment}.php; app/Http/Controllers/OnlineExamController.php:1816-1850,1924-1933 / docs/online-exams-audit/{core-search-files,concept-search-files}.txt; app/Http/Controllers/OnlineExamController.php; app/Models/OnlineExam*.php; routes/web.php; app/Console/Kernel.php","users; schools; departments; programmes; classes; subjects; sessions; enrollment; student_profiles; teacher_permissions; teacher_programme_assignments / exam-owned tables; no supporting implementation found","No connected implementation found.","No supporting route/service/storage/UI workflow found.","Target workflow is unavailable.","Optional read-only schedule conflict checks; never equate heartbeat with class attendance.","LOW"
"20 Performance","N+1 query control","BROKEN","E06: Delivery/eligibility source; OnlineExamStudentFrontendTest and StudentAttemptTest / E04: Question-bank source and import test; both runtime probe artifacts","app/Http/Controllers/OnlineExamController.php:1141-1454,1924-1945; app/Models/{OnlineExam,OnlineExamSubmission}.php; resources/views/student/online_exam/{instructions,list,take}.blade.php / app/Http/Controllers/OnlineExamController.php:376-451,813-1015; app/Models/QuestionBank.php; resources/views/admin/online_exam/{question_bank,bank_modal,questions}.blade.php; resources/views/teacher/online_exam/question_bank.blade.php","online_exams; online_exam_questions; online_exam_submissions; enrollment; users / question_banks; online_exam_questions; subjects","Some teacher/admin lists eager-load relations and paginate.","Student list performs per-exam latest/count/subject/result queries; bank admin lacks subject eager load.","Latency/query growth with exam count.","Eager-load/batch aggregates, paginate discovery, instrument query budget.","HIGH"
"20 Performance","Large question loads","PARTIAL","E03: Teacher workflow source; TeacherOnlineExamTest; runtime-probes.json / E06: Delivery/eligibility source; OnlineExamStudentFrontendTest and StudentAttemptTest / E13: Notifier/scheduler source; OnlineExamRemindersTest; SMTP unconfigured in live runtime","app/Http/Controllers/OnlineExamController.php:455-1138,1816-1850; resources/views/teacher/online_exam/; app/Http/Requests/OnlineExam/UpdateOnlineExamRequest.php:23 / app/Http/Controllers/OnlineExamController.php:1141-1454,1924-1945; app/Models/{OnlineExam,OnlineExamSubmission}.php; resources/views/student/online_exam/{instructions,list,take}.blade.php / app/Support/OnlineExams/{OnlineExamAnnouncementNotifier,OnlineExamResultNotifier}.php; app/Console/Commands/{SendOnlineExamStartReminders,SendOnlineExamResultEmails}.php; app/Console/Kernel.php; app/Mail/ApplicantNotificationEmail.php","online_exams; online_exam_questions; teacher_permissions; teacher_programme_assignments; subjects / online_exams; online_exam_questions; online_exam_submissions; enrollment; users / online_exam_notifications; online_exam_submissions; global_settings; users; enrollment","Some staff pagination; teacher picker capped 150.","Take loads full paper; admin bank picker get-all; show loads all attempts; mail gets full audience.","Memory/latency and incomplete selection.","Bounded search/cursor pagination; benchmark realistic paper/cohort sizes.","HIGH"
"20 Performance","Large question banks","PARTIAL","E03: Teacher workflow source; TeacherOnlineExamTest; runtime-probes.json / E06: Delivery/eligibility source; OnlineExamStudentFrontendTest and StudentAttemptTest / E13: Notifier/scheduler source; OnlineExamRemindersTest; SMTP unconfigured in live runtime","app/Http/Controllers/OnlineExamController.php:455-1138,1816-1850; resources/views/teacher/online_exam/; app/Http/Requests/OnlineExam/UpdateOnlineExamRequest.php:23 / app/Http/Controllers/OnlineExamController.php:1141-1454,1924-1945; app/Models/{OnlineExam,OnlineExamSubmission}.php; resources/views/student/online_exam/{instructions,list,take}.blade.php / app/Support/OnlineExams/{OnlineExamAnnouncementNotifier,OnlineExamResultNotifier}.php; app/Console/Commands/{SendOnlineExamStartReminders,SendOnlineExamResultEmails}.php; app/Console/Kernel.php; app/Mail/ApplicantNotificationEmail.php","online_exams; online_exam_questions; teacher_permissions; teacher_programme_assignments; subjects / online_exams; online_exam_questions; online_exam_submissions; enrollment; users / online_exam_notifications; online_exam_submissions; global_settings; users; enrollment","Some staff pagination; teacher picker capped 150.","Take loads full paper; admin bank picker get-all; show loads all attempts; mail gets full audience.","Memory/latency and incomplete selection.","Bounded search/cursor pagination; benchmark realistic paper/cohort sizes.","HIGH"
"20 Performance","Large classes","PARTIAL","E03: Teacher workflow source; TeacherOnlineExamTest; runtime-probes.json / E06: Delivery/eligibility source; OnlineExamStudentFrontendTest and StudentAttemptTest / E13: Notifier/scheduler source; OnlineExamRemindersTest; SMTP unconfigured in live runtime","app/Http/Controllers/OnlineExamController.php:455-1138,1816-1850; resources/views/teacher/online_exam/; app/Http/Requests/OnlineExam/UpdateOnlineExamRequest.php:23 / app/Http/Controllers/OnlineExamController.php:1141-1454,1924-1945; app/Models/{OnlineExam,OnlineExamSubmission}.php; resources/views/student/online_exam/{instructions,list,take}.blade.php / app/Support/OnlineExams/{OnlineExamAnnouncementNotifier,OnlineExamResultNotifier}.php; app/Console/Commands/{SendOnlineExamStartReminders,SendOnlineExamResultEmails}.php; app/Console/Kernel.php; app/Mail/ApplicantNotificationEmail.php","online_exams; online_exam_questions; teacher_permissions; teacher_programme_assignments; subjects / online_exams; online_exam_questions; online_exam_submissions; enrollment; users / online_exam_notifications; online_exam_submissions; global_settings; users; enrollment","Some staff pagination; teacher picker capped 150.","Take loads full paper; admin bank picker get-all; show loads all attempts; mail gets full audience.","Memory/latency and incomplete selection.","Bounded search/cursor pagination; benchmark realistic paper/cohort sizes.","HIGH"
"20 Performance","Simultaneous exam starts","PARTIAL","E06: Delivery/eligibility source; OnlineExamStudentFrontendTest and StudentAttemptTest / E14: Live SHOW CREATE TABLE/SHOW INDEX inspection versus migrations/test schema","app/Http/Controllers/OnlineExamController.php:1141-1454,1924-1945; app/Models/{OnlineExam,OnlineExamSubmission}.php; resources/views/student/online_exam/{instructions,list,take}.blade.php / docs/online-exams-audit/live-schema.json; database/migrations/*online_exam*.php; database/migrations/2026_07_02_125458_create_question_banks_table.php; tests/Feature/Support/OnlineExamTestHelper.php","online_exams; online_exam_questions; online_exam_submissions; enrollment; users / all seven exam/question-bank tables","Exam row lock prevents conflicting allocation.","Serializes all candidates on one exam row; MariaDB load not run.","Start bottleneck/deadlocks at scale.","Load test then candidate-scoped lock/unique allocation design.","HIGH"
"20 Performance","Transaction safety","PARTIAL","E07: Client dirty-state/save/submit trace; server security tests / E09: Marking/finalization trace; both runtime probe artifacts / E14: Live SHOW CREATE TABLE/SHOW INDEX inspection versus migrations/test schema","resources/views/student/online_exam/take.blade.php:285-433; app/Http/Controllers/OnlineExamController.php:1456-1507; app/Http/Requests/OnlineExam/SaveOnlineExamAnswerRequest.php / app/Http/Controllers/OnlineExamController.php:1046-1138,1548-1588,1604-1814; app/Http/Requests/OnlineExam/{SubmitOnlineExamRequest,ManualMarkAnswerRequest}.php; resources/views/student/online_exam/take.blade.php:144-149 / docs/online-exams-audit/live-schema.json; database/migrations/*online_exam*.php; database/migrations/2026_07_02_125458_create_question_banks_table.php; tests/Feature/Support/OnlineExamTestHelper.php","online_exam_answers; online_exam_submissions / online_exam_submissions; online_exam_answers; online_exam_questions / all seven exam/question-bank tables","Locked save/finalize and transactional operations.","Start vs edit/delete checks, concurrent manual totals and notification races remain.","Integrity failures under overlapping requests.","Unified lock order and invariants checked under lock; concurrency tests.","HIGH"
"20 Performance","Database locking","PARTIAL","E07: Client dirty-state/save/submit trace; server security tests / E09: Marking/finalization trace; both runtime probe artifacts / E14: Live SHOW CREATE TABLE/SHOW INDEX inspection versus migrations/test schema","resources/views/student/online_exam/take.blade.php:285-433; app/Http/Controllers/OnlineExamController.php:1456-1507; app/Http/Requests/OnlineExam/SaveOnlineExamAnswerRequest.php / app/Http/Controllers/OnlineExamController.php:1046-1138,1548-1588,1604-1814; app/Http/Requests/OnlineExam/{SubmitOnlineExamRequest,ManualMarkAnswerRequest}.php; resources/views/student/online_exam/take.blade.php:144-149 / docs/online-exams-audit/live-schema.json; database/migrations/*online_exam*.php; database/migrations/2026_07_02_125458_create_question_banks_table.php; tests/Feature/Support/OnlineExamTestHelper.php","online_exam_answers; online_exam_submissions / online_exam_submissions; online_exam_answers; online_exam_questions / all seven exam/question-bank tables","Locked save/finalize and transactional operations.","Start vs edit/delete checks, concurrent manual totals and notification races remain.","Integrity failures under overlapping requests.","Unified lock order and invariants checked under lock; concurrency tests.","HIGH"
"20 Performance","Race-condition protection","PARTIAL","E07: Client dirty-state/save/submit trace; server security tests / E09: Marking/finalization trace; both runtime probe artifacts / E14: Live SHOW CREATE TABLE/SHOW INDEX inspection versus migrations/test schema","resources/views/student/online_exam/take.blade.php:285-433; app/Http/Controllers/OnlineExamController.php:1456-1507; app/Http/Requests/OnlineExam/SaveOnlineExamAnswerRequest.php / app/Http/Controllers/OnlineExamController.php:1046-1138,1548-1588,1604-1814; app/Http/Requests/OnlineExam/{SubmitOnlineExamRequest,ManualMarkAnswerRequest}.php; resources/views/student/online_exam/take.blade.php:144-149 / docs/online-exams-audit/live-schema.json; database/migrations/*online_exam*.php; database/migrations/2026_07_02_125458_create_question_banks_table.php; tests/Feature/Support/OnlineExamTestHelper.php","online_exam_answers; online_exam_submissions / online_exam_submissions; online_exam_answers; online_exam_questions / all seven exam/question-bank tables","Locked save/finalize and transactional operations.","Start vs edit/delete checks, concurrent manual totals and notification races remain.","Integrity failures under overlapping requests.","Unified lock order and invariants checked under lock; concurrency tests.","HIGH"
"20 Performance","Indexes","PARTIAL","E14: Live SHOW CREATE TABLE/SHOW INDEX inspection versus migrations/test schema","docs/online-exams-audit/live-schema.json; database/migrations/*online_exam*.php; database/migrations/2026_07_02_125458_create_question_banks_table.php; tests/Feature/Support/OnlineExamTestHelper.php","all seven exam/question-bank tables","Answer pair/notification type unique and some single/composite indexes.","Attempt tuple not unique; expiry/audience/order indexes and all exam FKs absent.","Slow queries/orphans/duplicate logical attempts.","Add proven indexes/constraints only after compatibility preflight.","HIGH"
"20 Performance","Unique constraints","PARTIAL","E14: Live SHOW CREATE TABLE/SHOW INDEX inspection versus migrations/test schema","docs/online-exams-audit/live-schema.json; database/migrations/*online_exam*.php; database/migrations/2026_07_02_125458_create_question_banks_table.php; tests/Feature/Support/OnlineExamTestHelper.php","all seven exam/question-bank tables","Answer pair/notification type unique and some single/composite indexes.","Attempt tuple not unique; expiry/audience/order indexes and all exam FKs absent.","Slow queries/orphans/duplicate logical attempts.","Add proven indexes/constraints only after compatibility preflight.","HIGH"
"20 Performance","Exam-specific caching","MISSING","E13: Notifier/scheduler source; OnlineExamRemindersTest; SMTP unconfigured in live runtime / E20: Filename + concept search and connected path inspection","app/Support/OnlineExams/{OnlineExamAnnouncementNotifier,OnlineExamResultNotifier}.php; app/Console/Commands/{SendOnlineExamStartReminders,SendOnlineExamResultEmails}.php; app/Console/Kernel.php; app/Mail/ApplicantNotificationEmail.php / docs/online-exams-audit/{core-search-files,concept-search-files}.txt; app/Http/Controllers/OnlineExamController.php; app/Models/OnlineExam*.php; routes/web.php; app/Console/Kernel.php","online_exam_notifications; online_exam_submissions; global_settings; users; enrollment / exam-owned tables; no supporting implementation found","No connected implementation found.","No supporting route/service/storage/UI workflow found.","Target workflow is unavailable.","Cache immutable versioned paper reads, not mutable attempt state; queue post-commit notifications.","MEDIUM"
"20 Performance","Exam-specific queues","MISSING","E13: Notifier/scheduler source; OnlineExamRemindersTest; SMTP unconfigured in live runtime / E20: Filename + concept search and connected path inspection","app/Support/OnlineExams/{OnlineExamAnnouncementNotifier,OnlineExamResultNotifier}.php; app/Console/Commands/{SendOnlineExamStartReminders,SendOnlineExamResultEmails}.php; app/Console/Kernel.php; app/Mail/ApplicantNotificationEmail.php / docs/online-exams-audit/{core-search-files,concept-search-files}.txt; app/Http/Controllers/OnlineExamController.php; app/Models/OnlineExam*.php; routes/web.php; app/Console/Kernel.php","online_exam_notifications; online_exam_submissions; global_settings; users; enrollment / exam-owned tables; no supporting implementation found","No connected implementation found.","No supporting route/service/storage/UI workflow found.","Target workflow is unavailable.","Cache immutable versioned paper reads, not mutable attempt state; queue post-commit notifications.","MEDIUM"
"20 Performance","Production capacity/load confidence","RUNTIME VERIFICATION REQUIRED","E14: Live SHOW CREATE TABLE/SHOW INDEX inspection versus migrations/test schema / E18: 49 tests / 113 assertions passed; browser/concurrency coverage absent","docs/online-exams-audit/live-schema.json; database/migrations/*online_exam*.php; database/migrations/2026_07_02_125458_create_question_banks_table.php; tests/Feature/Support/OnlineExamTestHelper.php / tests/Feature/{OnlineExamAuthorizationTest,OnlineExamPermissionTest,OnlineExamControllerSecurityTest,TeacherOnlineExamTest,OnlineExamRemindersTest,OnlineExamStudentAttemptTest,OnlineExamStudentFrontendTest}.php; docs/online-exams-audit/existing-tests.txt","all seven exam/question-bank tables / isolated SQLite fixtures; no live exam data","Passing isolated functional tests.","No actual load/concurrency/p95 benchmark or populated live cohort.","Unfounded capacity claims.","Separate MariaDB performance environment and agreed cohort/SLA.","HIGH"

